tx_id,ts,category,merchant,city,is_online,is_foreign,pay_type,installments,card_brand,amount
1000049,2024-03-01 13:23:55,문화생활,씨네박스,광주,0,0,일시불,0,국내전용,10000.0
1000035,2024-03-01 13:27:51,마트/편의점,그로서리스팟,수원,0,0,일시불,0,Mastercard,1000.0
1000024,2024-03-01 17:18:16,카페,카페 포레,수원,0,0,일시불,0,국내전용,14000.0
1000055,2024-03-01 17:19:57,교통 / 차량,하이패스,성남,0,0,일시불,0,VISA,6000.0
1000001,2024-03-01 17:23:38,식비,샐러드바,인천,0,0,일시불,0,Mastercard,28000.0
1000002,2024-03-01 18:15:07,식비,분식집 가온,수원,1,0,일시불,0,국내전용,7000.0
1000003,2024-03-02 11:29:00,식비,샐러드바,대구,1,0,일시불,0,Mastercard,26000.0
1000056,2024-03-02 13:16:49,교통 / 차량,주유소 에코,인천,0,0,일시불,0,VISA,8000.0
1000061,2024-03-04 10:33:20,패션 / 미용,의류샵 루프,대구,0,0,일시불,0,AMEX,19000.0
1000004,2024-03-04 11:25:57,식비,치킨하우스,부산,0,0,일시불,0,Mastercard,4000.0
1000005,2024-03-04 19:12:01,식비,김밥타운,광주,0,0,일시불,0,국내전용,7000.0
1000006,2024-03-04 19:37:58,식비,한식당 미소,용인,0,0,일시불,0,AMEX,11000.0
1000078,2024-03-04 20:53:06,기타,기타결제,인천,0,0,일시불,0,국내전용,9000.0
1000007,2024-03-05 09:09:21,식비,분식집 가온,용인,0,0,일시불,0,AMEX,11000.0
1000025,2024-03-05 11:41:05,카페,브루랩,성남,0,0,일시불,0,Mastercard,5000.0
1000057,2024-03-05 21:19:27,교통 / 차량,대중교통 교통카드,대구,1,0,일시불,0,국내전용,11000.0
1000008,2024-03-06 09:11:05,식비,분식집 가온,수원,0,0,일시불,0,Mastercard,9000.0
1000050,2024-03-06 10:55:53,문화생활,책의정원,성남,0,0,일시불,0,국내전용,8000.0
1000071,2024-03-06 16:15:42,건강 / 병원,약국 그린,서울,0,0,일시불,0,AMEX,15000.0
1000036,2024-03-06 21:26:54,마트/편의점,그로서리스팟,울산,0,0,일시불,0,AMEX,10000.0
1000051,2024-03-07 12:43:31,문화생활,씨네박스,울산,0,0,일시불,0,국내전용,11000.0
1000072,2024-03-07 13:47:21,건강 / 병원,의원 드림,수원,0,0,일시불,0,국내전용,10000.0
1000037,2024-03-07 14:38:08,마트/편의점,마켓365,서울,0,1,일시불,0,AMEX,10000.0
1000038,2024-03-07 16:20:26,마트/편의점,동네슈퍼,수원,0,0,일시불,0,VISA,1000.0
1000039,2024-03-08 09:12:33,마트/편의점,메가마트,용인,1,0,일시불,0,VISA,3000.0
1000009,2024-03-08 18:24:32,식비,면요리 전문점,수원,0,0,일시불,0,Mastercard,9000.0
1000062,2024-03-09 09:36:30,패션 / 미용,슈즈라운지,서울,0,0,일시불,0,VISA,7000.0
1000010,2024-03-09 11:30:15,식비,면요리 전문점,수원,0,0,일시불,0,AMEX,14000.0
1000073,2024-03-09 15:04:03,건강 / 병원,의원 드림,인천,1,0,일시불,0,국내전용,12000.0
1000076,2024-03-10 09:07:28,경조사 / 회비,경조금 이체,부산,0,0,일시불,0,VISA,27000.0
1000011,2024-03-10 12:35:23,식비,샐러드바,서울,0,0,일시불,0,Mastercard,7000.0
1000065,2024-03-10 12:59:32,생활용품,생활잡화 우노,대구,0,0,일시불,0,국내전용,4000.0
1000012,2024-03-10 15:27:58,식비,면요리 전문점,서울,0,0,일시불,0,VISA,9000.0
1000052,2024-03-10 20:43:57,문화생활,전시관 미술의집,광주,1,0,일시불,0,AMEX,6000.0
1000040,2024-03-11 17:25:56,마트/편의점,마켓365,대전,0,0,일시불,0,Mastercard,9000.0
1000041,2024-03-12 10:44:36,마트/편의점,마켓365,성남,0,0,일시불,0,Mastercard,11000.0
1000026,2024-03-12 11:54:13,카페,카페 포레,대구,0,0,일시불,0,AMEX,11000.0
1000042,2024-03-13 12:25:43,마트/편의점,마켓365,서울,0,0,일시불,0,Mastercard,1000.0
1000027,2024-03-13 13:26:39,카페,브루랩,서울,0,0,일시불,0,Mastercard,9000.0
1000028,2024-03-13 13:54:23,카페,카페 오늘,수원,0,0,일시불,0,국내전용,15000.0
1000013,2024-03-13 16:32:36,식비,치킨하우스,성남,0,0,일시불,0,Mastercard,19000.0
1000058,2024-03-13 17:08:11,교통 / 차량,주차장 시티,용인,0,0,일시불,0,AMEX,39000.0
1000014,2024-03-15 13:59:30,식비,김밥타운,광주,1,0,일시불,0,VISA,21000.0
1000015,2024-03-15 17:20:21,식비,한식당 미소,수원,0,0,일시불,0,Mastercard,11000.0
1000059,2024-03-16 10:55:47,교통 / 차량,주유소 에코,수원,0,0,일시불,0,AMEX,13000.0
1000043,2024-03-16 13:43:02,마트/편의점,동네슈퍼,용인,0,0,일시불,0,Mastercard,7000.0
1000067,2024-03-17 20:31:19,주거 / 통신,전기요금,용인,0,0,일시불,0,국내전용,43000.0
1000068,2024-03-18 15:53:45,주거 / 통신,전기요금,울산,1,0,일시불,0,Mastercard,56000.0
1000069,2024-03-19 12:56:12,주거 / 통신,인터넷요금,서울,0,0,일시불,0,Mastercard,23000.0
1000029,2024-03-19 15:25:41,카페,카페 오늘,인천,1,0,일시불,0,국내전용,12000.0
1000016,2024-03-19 17:13:47,식비,한식당 미소,용인,0,0,일시불,0,Mastercard,8000.0
1000079,2024-03-19 17:23:18,기타,기타결제,성남,1,0,일시불,0,국내전용,16000.0
1000060,2024-03-20 16:24:32,교통 / 차량,주차장 시티,울산,0,0,일시불,0,Mastercard,7000.0
1000017,2024-03-20 21:38:35,식비,김밥타운,수원,1,0,일시불,0,Mastercard,13000.0
1000053,2024-03-21 13:09:52,문화생활,전시관 미술의집,대전,0,0,일시불,0,VISA,6000.0
1000018,2024-03-21 20:58:32,식비,김밥타운,대전,0,0,일시불,0,VISA,8000.0
1000030,2024-03-22 14:04:33,카페,커피하루,부산,0,0,일시불,0,Mastercard,4000.0
1000031,2024-03-22 15:30:23,카페,커피하루,부산,1,0,일시불,0,Mastercard,9000.0
1000019,2024-03-22 16:10:43,식비,한식당 미소,수원,0,0,일시불,0,Mastercard,7000.0
1000054,2024-03-22 19:03:24,문화생활,책의정원,서울,0,0,일시불,0,국내전용,-5000.0
1000044,2024-03-22 21:20:56,마트/편의점,동네슈퍼,용인,0,0,일시불,0,VISA,4000.0
1000045,2024-03-23 16:06:41,마트/편의점,메가마트,인천,0,0,일시불,0,국내전용,9000.0
1000046,2024-03-23 19:38:29,마트/편의점,메가마트,부산,0,0,일시불,0,VISA,6000.0
1000075,2024-03-24 21:43:41,교육,온라인강의몰,인천,0,0,일시불,0,AMEX,49000.0
1000020,2024-03-25 11:12:24,식비,한식당 미소,부산,0,0,일시불,0,Mastercard,8000.0
1000063,2024-03-25 18:14:04,패션 / 미용,의류샵 루프,서울,0,0,일시불,0,Mastercard,16000.0
1000032,2024-03-26 11:57:22,카페,카페 포레,인천,0,0,일시불,0,Mastercard,7000.0
1000077,2024-03-26 15:03:11,보험 / 세금,건강보험,용인,0,0,일시불,0,국내전용,25000.0
1000033,2024-03-26 17:13:36,카페,커피하루,광주,0,0,일시불,0,VISA,3000.0
1000047,2024-03-26 18:29:12,마트/편의점,메가마트,인천,0,0,일시불,0,Mastercard,2000.0
1000066,2024-03-27 16:10:07,생활용품,인테리어샵 라이트,대전,0,0,일시불,0,VISA,23000.0
1000021,2024-03-28 12:25:17,식비,분식집 가온,서울,1,0,일시불,0,AMEX,18000.0
1000074,2024-03-28 13:31:11,건강 / 병원,한의원 다온,용인,0,0,일시불,0,Mastercard,3000.0
1000048,2024-03-28 16:14:06,마트/편의점,편의점24,부산,0,0,일시불,0,VISA,13000.0
1000064,2024-03-29 15:40:19,패션 / 미용,의류샵 루프,수원,0,0,일시불,0,국내전용,28000.0
1000022,2024-03-30 11:38:19,식비,면요리 전문점,인천,0,0,일시불,0,국내전용,8000.0
1000023,2024-03-30 14:13:16,식비,한식당 미소,대구,0,0,일시불,0,국내전용,3000.0
1000070,2024-03-30 21:52:53,주거 / 통신,관리비 고지,서울,0,0,일시불,0,Mastercard,32000.0
1000034,2024-03-31 21:13:55,카페,커피하루,서울,0,0,일시불,0,국내전용,13000.0
1000159,2024-04-01 19:34:37,기타,디지털콘텐츠,대전,1,0,일시불,0,국내전용,9000.0
1000132,2024-04-02 11:23:26,교통 / 차량,주차장 시티,부산,1,0,일시불,0,AMEX,1000.0
1000115,2024-04-02 18:31:12,마트/편의점,그로서리스팟,서울,0,0,일시불,0,VISA,9000.0
1000116,2024-04-03 18:01:32,마트/편의점,그로서리스팟,광주,0,0,일시불,0,AMEX,9000.0
1000080,2024-04-03 18:43:53,식비,치킨하우스,부산,1,0,일시불,0,국내전용,10000.0
1000081,2024-04-03 21:37:20,식비,한식당 미소,광주,0,0,일시불,0,VISA,14000.0
1000133,2024-04-04 10:20:49,교통 / 차량,하이패스,서울,0,0,일시불,0,VISA,10000.0
1000105,2024-04-04 15:03:37,카페,브루랩,대구,0,0,일시불,0,Mastercard,19000.0
1000106,2024-04-04 18:08:32,카페,커피하루,용인,0,0,일시불,0,국내전용,7000.0
1000082,2024-04-04 19:22:07,식비,샐러드바,부산,0,0,일시불,0,AMEX,14000.0
1000083,2024-04-04 19:55:53,식비,면요리 전문점,수원,0,0,일시불,0,AMEX,12000.0
1000107,2024-04-05 11:39:33,카페,브루랩,대전,0,0,일시불,0,AMEX,10000.0
1000108,2024-04-05 12:47:40,카페,커피하루,부산,0,0,일시불,0,Mastercard,4000.0
1000160,2024-04-05 21:45:17,기타,앱구매,부산,0,0,일시불,0,Mastercard,10000.0
1000143,2024-04-06 11:38:46,패션 / 미용,뷰티살롱 미르,인천,0,0,일시불,0,VISA,24000.0
1000109,2024-04-06 13:29:32,카페,브루랩,용인,0,0,일시불,0,Mastercard,6000.0
1000084,2024-04-06 19:39:16,식비,분식집 가온,대구,1,0,일시불,0,AMEX,22000.0
1000117,2024-04-07 09:34:08,마트/편의점,편의점24,부산,0,0,일시불,0,국내전용,7000.0
1000085,2024-04-07 11:26:41,식비,치킨하우스,수원,0,0,일시불,0,VISA,7000.0
1000149,2024-04-07 16:09:37,주거 / 통신,통신요금,대전,1,0,일시불,0,VISA,14000.0
1000086,2024-04-08 13:58:10,식비,샐러드바,부산,0,0,일시불,0,국내전용,14000.0
1000118,2024-04-09 09:00:08,마트/편의점,편의점24,대전,0,0,일시불,0,국내전용,5000.0
1000087,2024-04-10 09:53:49,식비,김밥타운,부산,0,0,일시불,0,VISA,5000.0
1000134,2024-04-10 12:11:58,교통 / 차량,하이패스,용인,1,0,일시불,0,AMEX,4000.0
1000144,2024-04-10 15:50:59,패션 / 미용,슈즈라운지,대구,0,0,일시불,0,AMEX,9000.0
1000088,2024-04-10 18:42:42,식비,김밥타운,인천,0,0,일시불,0,VISA,5000.0
1000110,2024-04-11 11:11:57,카페,브루랩,수원,0,0,일시불,0,국내전용,3000.0
1000150,2024-04-11 16:31:19,주거 / 통신,인터넷요금,성남,0,0,일시불,0,VISA,69000.0
1000135,2024-04-11 17:06:02,교통 / 차량,주차장 시티,서울,0,0,일시불,0,AMEX,8000.0
1000147,2024-04-12 17:38:11,생활용품,리빙스토어 홈온,광주,0,0,일시불,0,국내전용,26000.0
1000089,2024-04-12 19:28:36,식비,치킨하우스,광주,0,0,일시불,0,VISA,9000.0
1000153,2024-04-12 21:03:38,교육,학원 스터디,울산,0,0,일시불,0,국내전용,18000.0
1000145,2024-04-13 10:05:45,패션 / 미용,슈즈라운지,대구,0,0,할부,5,AMEX,9000.0
1000156,2024-04-13 11:50:35,경조사 / 회비,동호회 회비,서울,0,0,일시불,0,AMEX,3000.0
1000119,2024-04-14 15:36:34,마트/편의점,동네슈퍼,대구,0,0,일시불,0,국내전용,7000.0
1000090,2024-04-15 18:39:09,식비,분식집 가온,대전,0,0,일시불,0,VISA,11000.0
1000091,2024-04-15 18:55:05,식비,면요리 전문점,수원,0,0,일시불,0,VISA,26000.0
1000136,2024-04-15 21:24:28,교통 / 차량,대중교통 교통카드,인천,0,0,일시불,0,국내전용,5000.0
1000137,2024-04-16 10:21:00,교통 / 차량,하이패스,울산,0,0,일시불,0,VISA,2000.0
1000154,2024-04-16 10:48:16,교육,학원 스터디,부산,0,0,일시불,0,VISA,19000.0
1000092,2024-04-16 14:37:15,식비,김밥타운,성남,0,0,일시불,0,국내전용,8000.0
1000093,2024-04-16 18:05:25,식비,샐러드바,용인,0,0,일시불,0,국내전용,6000.0
1000094,2024-04-16 19:32:41,식비,치킨하우스,부산,1,0,일시불,0,VISA,8000.0
1000152,2024-04-17 18:24:00,건강 / 병원,약국 그린,수원,1,0,일시불,0,VISA,13000.0
1000120,2024-04-17 20:33:49,마트/편의점,메가마트,용인,0,0,일시불,0,AMEX,8000.0
1000111,2024-04-18 18:14:50,카페,브루랩,서울,0,0,일시불,0,VISA,11000.0
1000121,2024-04-18 20:03:49,마트/편의점,그로서리스팟,용인,0,0,일시불,0,VISA,10000.0
1000112,2024-04-19 13:12:53,카페,카페 오늘,성남,0,0,일시불,0,AMEX,14000.0
1000122,2024-04-19 14:10:48,마트/편의점,동네슈퍼,수원,0,0,일시불,0,Mastercard,6000.0
1000138,2024-04-19 18:07:48,교통 / 차량,주차장 시티,광주,0,0,일시불,0,국내전용,8000.0
1000139,2024-04-19 19:33:35,교통 / 차량,주차장 시티,수원,0,0,일시불,0,Mastercard,6000.0
1000095,2024-04-20 15:20:10,식비,분식집 가온,대구,0,0,일시불,0,국내전용,10000.0
1000140,2024-04-20 19:25:06,교통 / 차량,주유소 에코,울산,0,0,일시불,0,Mastercard,11000.0
1000141,2024-04-20 19:29:28,교통 / 차량,대중교통 교통카드,대구,1,0,일시불,0,VISA,2000.0
1000142,2024-04-21 09:38:32,교통 / 차량,주차장 시티,울산,0,0,일시불,0,VISA,9000.0
1000123,2024-04-21 16:33:59,마트/편의점,그로서리스팟,대전,0,0,일시불,0,VISA,12000.0
1000096,2024-04-21 21:07:50,식비,한식당 미소,대전,0,0,일시불,0,VISA,18000.0
1000097,2024-04-22 13:26:57,식비,면요리 전문점,성남,0,0,일시불,0,VISA,5000.0
1000098,2024-04-22 18:51:47,식비,김밥타운,서울,0,1,일시불,0,VISA,8000.0
1000155,2024-04-23 10:00:27,교육,서점 아카데미,인천,0,0,일시불,0,AMEX,14000.0
1000099,2024-04-23 11:55:44,식비,김밥타운,수원,1,0,일시불,0,VISA,7000.0
1000113,2024-04-23 16:43:09,카페,커피하루,인천,0,0,일시불,0,Mastercard,3000.0
1000130,2024-04-23 17:17:59,문화생활,씨네박스,수원,0,0,일시불,0,Mastercard,29000.0
1000100,2024-04-23 18:13:20,식비,한식당 미소,수원,0,0,일시불,0,VISA,11000.0
1000124,2024-04-23 19:28:19,마트/편의점,동네슈퍼,용인,0,0,일시불,0,AMEX,10000.0
1000101,2024-04-23 21:13:41,식비,샐러드바,수원,0,0,일시불,0,국내전용,1000.0
1000102,2024-04-24 19:40:49,식비,샐러드바,울산,0,0,일시불,0,Mastercard,19000.0
1000103,2024-04-24 20:41:18,식비,김밥타운,대전,0,0,일시불,0,국내전용,20000.0
1000146,2024-04-26 10:15:53,패션 / 미용,뷰티살롱 미르,수원,0,0,일시불,0,국내전용,21000.0
1000104,2024-04-26 12:31:00,식비,분식집 가온,광주,0,0,일시불,0,VISA,2000.0
1000125,2024-04-26 12:34:55,마트/편의점,메가마트,서울,1,0,일시불,0,국내전용,9000.0
1000151,2024-04-26 12:48:11,주거 / 통신,인터넷요금,대구,1,0,할부,3,Mastercard,30000.0
1000114,2024-04-26 19:02:16,카페,카페 오늘,광주,1,1,일시불,0,AMEX,2000.0
1000126,2024-04-26 20:38:20,마트/편의점,마켓365,서울,1,0,일시불,0,VISA,6000.0
1000127,2024-04-27 10:47:06,마트/편의점,동네슈퍼,부산,0,0,일시불,0,국내전용,12000.0
1000148,2024-04-27 18:47:47,생활용품,인테리어샵 라이트,대구,0,0,일시불,0,Mastercard,39000.0
1000131,2024-04-27 21:02:05,문화생활,공연홀 라이트,서울,1,0,일시불,0,Mastercard,23000.0
1000158,2024-04-27 21:53:33,보험 / 세금,자동차보험,인천,0,0,일시불,0,국내전용,43000.0
1000157,2024-04-27 21:54:11,경조사 / 회비,부조금,성남,0,0,일시불,0,Mastercard,13000.0
1000128,2024-04-28 10:17:02,마트/편의점,편의점24,수원,1,1,일시불,0,AMEX,9000.0
1000129,2024-04-29 17:15:29,마트/편의점,동네슈퍼,인천,0,0,일시불,0,국내전용,-1000.0
1000235,2024-05-01 13:16:27,생활용품,생활잡화 우노,수원,0,0,일시불,0,VISA,4000.0
1000161,2024-05-01 17:49:47,식비,샐러드바,대전,0,0,일시불,0,VISA,6000.0
1000218,2024-05-01 21:57:57,교통 / 차량,대중교통 교통카드,울산,0,0,일시불,0,VISA,6000.0
1000195,2024-05-03 18:49:24,마트/편의점,그로서리스팟,인천,1,0,일시불,0,Mastercard,5000.0
1000211,2024-05-05 09:04:08,문화생활,전시관 미술의집,서울,0,0,일시불,0,AMEX,9000.0
1000219,2024-05-05 10:48:10,교통 / 차량,하이패스,인천,0,0,일시불,0,국내전용,4000.0
1000162,2024-05-05 13:11:50,식비,샐러드바,용인,0,0,일시불,0,Mastercard,5000.0
1000184,2024-05-05 17:04:43,카페,카페 도로시,대구,0,0,일시불,0,Mastercard,2000.0
1000252,2024-05-05 17:18:38,보험 / 세금,건강보험,대구,1,0,일시불,0,AMEX,33000.0
1000220,2024-05-05 19:54:14,교통 / 차량,주유소 에코,부산,1,0,일시불,0,AMEX,5000.0
1000212,2024-05-06 13:52:08,문화생활,씨네박스,대전,0,0,일시불,0,Mastercard,2000.0
1000196,2024-05-06 14:59:21,마트/편의점,메가마트,서울,0,0,일시불,0,VISA,2000.0
1000163,2024-05-06 20:25:31,식비,면요리 전문점,인천,0,0,일시불,0,AMEX,4000.0
1000197,2024-05-06 20:29:52,마트/편의점,동네슈퍼,대구,0,0,일시불,0,Mastercard,6000.0
1000164,2024-05-07 11:08:56,식비,치킨하우스,부산,1,0,일시불,0,VISA,9000.0
1000213,2024-05-07 14:50:43,문화생활,책의정원,서울,0,0,일시불,0,AMEX,16000.0
1000185,2024-05-07 20:17:40,카페,카페 오늘,성남,0,0,일시불,0,AMEX,14000.0
1000249,2024-05-08 10:43:28,교육,서점 아카데미,광주,1,0,일시불,0,Mastercard,6000.0
1000186,2024-05-08 14:58:15,카페,브루랩,성남,0,0,일시불,0,국내전용,8000.0
1000221,2024-05-09 09:05:39,교통 / 차량,하이패스,울산,0,0,일시불,0,AMEX,10000.0
1000222,2024-05-09 09:46:59,교통 / 차량,대중교통 교통카드,부산,0,0,일시불,0,국내전용,5000.0
1000223,2024-05-09 10:02:31,교통 / 차량,주차장 시티,대구,1,0,일시불,0,VISA,5000.0
1000242,2024-05-09 11:23:35,건강 / 병원,약국 그린,용인,1,0,일시불,0,VISA,1000.0
1000187,2024-05-09 11:24:59,카페,카페 포레,부산,0,0,일시불,0,Mastercard,13000.0
1000239,2024-05-09 14:39:07,주거 / 통신,가스요금,수원,0,0,할부,5,Mastercard,58000.0
1000232,2024-05-09 18:03:04,패션 / 미용,편집숍 스퀘어,수원,1,0,일시불,0,Mastercard,4000.0
1000198,2024-05-10 17:07:43,마트/편의점,그로서리스팟,울산,0,0,일시불,0,AMEX,16000.0
1000233,2024-05-11 10:29:55,패션 / 미용,편집숍 스퀘어,부산,0,0,일시불,0,VISA,19000.0
1000199,2024-05-12 10:33:21,마트/편의점,메가마트,인천,1,0,일시불,0,국내전용,20000.0
1000165,2024-05-12 14:07:00,식비,샐러드바,용인,0,0,일시불,0,Mastercard,15000.0
1000166,2024-05-12 14:49:12,식비,분식집 가온,서울,0,0,일시불,0,VISA,20000.0
1000236,2024-05-13 13:03:20,생활용품,리빙스토어 홈온,울산,1,0,일시불,0,Mastercard,29000.0
1000167,2024-05-14 10:38:07,식비,한식당 미소,대전,1,0,일시불,0,Mastercard,33000.0
1000234,2024-05-14 12:04:56,패션 / 미용,슈즈라운지,성남,0,0,일시불,0,국내전용,33000.0
1000168,2024-05-14 13:09:33,식비,치킨하우스,부산,0,0,일시불,0,국내전용,2000.0
1000200,2024-05-15 10:16:08,마트/편의점,메가마트,수원,1,0,일시불,0,VISA,4000.0
1000251,2024-05-15 13:27:28,경조사 / 회비,부조금,부산,0,0,일시불,0,AMEX,34000.0
1000201,2024-05-15 15:50:03,마트/편의점,그로서리스팟,대구,0,0,일시불,0,VISA,5000.0
1000169,2024-05-15 17:17:03,식비,분식집 가온,용인,0,0,일시불,0,VISA,4000.0
1000243,2024-05-16 11:41:34,건강 / 병원,약국 그린,울산,0,0,일시불,0,국내전용,15000.0
1000214,2024-05-16 17:55:10,문화생활,책의정원,수원,1,0,일시불,0,AMEX,6000.0
1000240,2024-05-17 09:07:20,주거 / 통신,통신요금,인천,1,0,할부,3,Mastercard,24000.0
1000253,2024-05-17 09:43:48,기타,기타결제,부산,1,0,일시불,0,국내전용,15000.0
1000237,2024-05-17 10:01:17,생활용품,인테리어샵 라이트,서울,0,0,일시불,0,국내전용,11000.0
1000238,2024-05-17 15:27:19,생활용품,인테리어샵 라이트,대전,1,0,일시불,0,VISA,9000.0
1000202,2024-05-17 18:00:40,마트/편의점,동네슈퍼,대전,0,0,일시불,0,VISA,9000.0
1000224,2024-05-18 10:41:05,교통 / 차량,하이패스,성남,0,0,일시불,0,VISA,1000.0
1000170,2024-05-18 11:09:26,식비,김밥타운,수원,0,0,일시불,0,AMEX,8000.0
1000244,2024-05-18 14:25:09,건강 / 병원,의원 드림,울산,1,0,일시불,0,Mastercard,5000.0
1000203,2024-05-19 10:42:29,마트/편의점,그로서리스팟,서울,1,0,일시불,0,AMEX,5000.0
1000171,2024-05-19 11:25:02,식비,분식집 가온,성남,0,0,일시불,0,VISA,5000.0
1000225,2024-05-19 11:50:09,교통 / 차량,하이패스,수원,0,0,일시불,0,VISA,3000.0
1000172,2024-05-20 09:43:53,식비,김밥타운,수원,0,0,일시불,0,국내전용,7000.0
1000241,2024-05-20 16:42:27,주거 / 통신,가스요금,대전,0,0,일시불,0,Mastercard,73000.0
1000188,2024-05-20 20:18:21,카페,커피하루,울산,0,0,일시불,0,Mastercard,2000.0
1000245,2024-05-21 15:36:49,건강 / 병원,치과 스마일,수원,0,0,일시불,0,AMEX,3000.0
1000226,2024-05-22 17:34:50,교통 / 차량,대중교통 교통카드,대구,1,0,일시불,0,AMEX,13000.0
1000204,2024-05-22 17:35:55,마트/편의점,그로서리스팟,성남,1,0,일시불,0,AMEX,1000.0
1000215,2024-05-22 20:38:51,문화생활,공연홀 라이트,대구,0,0,일시불,0,Mastercard,7000.0
1000205,2024-05-23 10:05:08,마트/편의점,동네슈퍼,인천,0,0,일시불,0,VISA,7000.0
1000254,2024-05-23 13:17:32,기타,기타결제,부산,0,0,일시불,0,VISA,5000.0
1000173,2024-05-23 13:20:44,식비,샐러드바,대구,0,0,일시불,0,AMEX,3000.0
1000227,2024-05-23 13:33:05,교통 / 차량,하이패스,성남,0,0,일시불,0,AMEX,2000.0
1000174,2024-05-23 14:52:05,식비,김밥타운,대전,0,0,일시불,0,Mastercard,8000.0
1000175,2024-05-23 20:46:12,식비,샐러드바,부산,0,0,일시불,0,국내전용,9000.0
1000250,2024-05-24 11:16:06,교육,학원 스터디,성남,0,0,일시불,0,VISA,21000.0
1000176,2024-05-24 13:55:52,식비,김밥타운,광주,0,0,일시불,0,Mastercard,5000.0
1000189,2024-05-24 15:27:06,카페,카페 도로시,서울,0,0,일시불,0,VISA,9000.0
1000206,2024-05-24 16:27:59,마트/편의점,마켓365,울산,0,0,일시불,0,Mastercard,13000.0
1000228,2024-05-24 21:51:38,교통 / 차량,주유소 에코,부산,1,0,일시불,0,AMEX,7000.0
1000177,2024-05-25 14:14:55,식비,샐러드바,용인,0,0,일시불,0,Mastercard,13000.0
1000178,2024-05-25 17:34:20,식비,한식당 미소,울산,0,0,일시불,0,Mastercard,14000.0
1000255,2024-05-25 18:49:44,기타,앱구매,대전,1,0,일시불,0,VISA,7000.0
1000207,2024-05-26 10:00:18,마트/편의점,마켓365,대전,0,0,일시불,0,국내전용,14000.0
1000190,2024-05-26 10:48:11,카페,카페 도로시,인천,0,0,일시불,0,AMEX,9000.0
1000216,2024-05-26 12:33:10,문화생활,공연홀 라이트,광주,1,0,일시불,0,Mastercard,5000.0
1000191,2024-05-26 18:05:18,카페,카페 포레,대구,0,0,일시불,0,AMEX,1000.0
1000246,2024-05-27 12:01:38,건강 / 병원,한의원 다온,부산,0,0,일시불,0,국내전용,8000.0
1000179,2024-05-27 15:27:51,식비,치킨하우스,수원,1,0,일시불,0,Mastercard,7000.0
1000192,2024-05-27 16:15:27,카페,카페 오늘,수원,0,0,일시불,0,VISA,1000.0
1000180,2024-05-27 19:18:36,식비,분식집 가온,부산,0,1,일시불,0,국내전용,1000.0
1000229,2024-05-27 19:52:25,교통 / 차량,대중교통 교통카드,수원,1,0,일시불,0,VISA,3000.0
1000181,2024-05-27 20:29:20,식비,김밥타운,대전,1,0,일시불,0,AMEX,4000.0
1000247,2024-05-28 11:25:12,건강 / 병원,한의원 다온,대전,0,0,일시불,0,국내전용,9000.0
1000208,2024-05-28 15:56:52,마트/편의점,마켓365,부산,0,0,일시불,0,AMEX,23000.0
1000248,2024-05-29 21:22:18,건강 / 병원,한의원 다온,울산,1,0,일시불,0,VISA,6000.0
1000230,2024-05-29 21:41:51,교통 / 차량,주유소 에코,대구,1,0,일시불,0,VISA,3000.0
1000209,2024-05-30 10:53:31,마트/편의점,메가마트,인천,0,0,일시불,0,VISA,6000.0
1000256,2024-05-30 16:05:24,기타,디지털콘텐츠,수원,0,0,일시불,0,국내전용,10000.0
1000182,2024-05-30 19:46:28,식비,샐러드바,수원,1,0,일시불,0,VISA,4000.0
1000183,2024-05-30 19:47:32,식비,면요리 전문점,인천,1,0,일시불,0,AMEX,21000.0
1000217,2024-05-30 20:29:25,문화생활,책의정원,수원,0,0,일시불,0,Mastercard,16000.0
1000210,2024-05-31 12:08:45,마트/편의점,동네슈퍼,용인,1,0,일시불,0,AMEX,3000.0
1000231,2024-05-31 14:04:03,교통 / 차량,주차장 시티,광주,0,0,일시불,0,국내전용,-2000.0
1000193,2024-05-31 17:53:19,카페,카페 도로시,광주,0,0,일시불,0,국내전용,8000.0
1000194,2024-05-31 19:42:03,카페,브루랩,울산,0,0,일시불,0,Mastercard,-2000.0
1000298,2024-06-01 20:52:42,마트/편의점,편의점24,인천,0,0,일시불,0,Mastercard,9000.0
1000320,2024-06-01 21:01:52,교통 / 차량,하이패스,용인,1,0,일시불,0,국내전용,18000.0
1000329,2024-06-02 17:10:30,생활용품,생활잡화 우노,대전,0,0,일시불,0,VISA,23000.0
1000290,2024-06-02 18:09:57,카페,브루랩,대전,1,0,일시불,0,국내전용,6000.0
1000257,2024-06-02 18:24:02,식비,샐러드바,용인,0,0,일시불,0,AMEX,6000.0
1000332,2024-06-03 10:48:10,주거 / 통신,통신요금,성남,0,0,일시불,0,국내전용,149000.0
1000291,2024-06-03 11:18:10,카페,카페 오늘,광주,0,0,일시불,0,VISA,12000.0
1000299,2024-06-04 10:34:40,마트/편의점,동네슈퍼,광주,0,0,일시불,0,국내전용,7000.0
1000258,2024-06-04 12:53:34,식비,치킨하우스,광주,0,0,일시불,0,AMEX,8000.0
1000300,2024-06-04 17:29:09,마트/편의점,편의점24,서울,1,0,일시불,0,국내전용,10000.0
1000259,2024-06-04 19:33:52,식비,샐러드바,인천,1,0,일시불,0,Mastercard,6000.0
1000335,2024-06-04 19:39:44,교육,온라인강의몰,서울,0,0,일시불,0,VISA,2000.0
1000260,2024-06-04 21:27:36,식비,샐러드바,용인,1,0,일시불,0,Mastercard,12000.0
1000341,2024-06-05 10:12:29,기타,기타결제,인천,0,0,일시불,0,AMEX,2000.0
1000336,2024-06-05 11:06:48,교육,학원 스터디,부산,0,0,일시불,0,국내전용,12000.0
1000261,2024-06-05 13:00:26,식비,분식집 가온,대구,1,0,일시불,0,Mastercard,7000.0
1000301,2024-06-05 14:31:21,마트/편의점,메가마트,울산,0,0,일시불,0,VISA,10000.0
1000262,2024-06-06 10:24:50,식비,면요리 전문점,대전,0,0,일시불,0,국내전용,3000.0
1000302,2024-06-06 17:58:41,마트/편의점,마켓365,수원,1,0,일시불,0,국내전용,3000.0
1000263,2024-06-06 19:06:30,식비,김밥타운,대구,0,0,일시불,0,AMEX,5000.0
1000264,2024-06-06 19:07:02,식비,면요리 전문점,성남,0,0,일시불,0,AMEX,8000.0
1000321,2024-06-06 19:24:58,교통 / 차량,주유소 에코,울산,0,0,일시불,0,AMEX,9000.0
1000303,2024-06-07 14:46:19,마트/편의점,그로서리스팟,대전,1,0,일시불,0,VISA,11000.0
1000304,2024-06-07 20:15:08,마트/편의점,편의점24,용인,0,0,일시불,0,Mastercard,4000.0
1000322,2024-06-08 11:15:32,교통 / 차량,대중교통 교통카드,성남,0,0,일시불,0,AMEX,6000.0
1000265,2024-06-08 12:36:38,식비,치킨하우스,용인,0,0,일시불,0,AMEX,8000.0
1000266,2024-06-08 17:14:35,식비,한식당 미소,대전,0,0,일시불,0,국내전용,3000.0
1000305,2024-06-08 18:06:14,마트/편의점,편의점24,인천,0,1,일시불,0,VISA,9000.0
1000340,2024-06-08 18:21:20,보험 / 세금,자동차보험,수원,0,0,일시불,0,VISA,30000.0
1000267,2024-06-08 19:56:49,식비,김밥타운,수원,0,0,일시불,0,VISA,8000.0
1000337,2024-06-09 19:00:40,교육,온라인강의몰,대전,0,0,일시불,0,국내전용,1000.0
1000306,2024-06-10 15:22:03,마트/편의점,동네슈퍼,부산,0,0,일시불,0,국내전용,13000.0
1000307,2024-06-10 20:27:10,마트/편의점,마켓365,인천,0,0,일시불,0,Mastercard,3000.0
1000323,2024-06-11 10:01:10,교통 / 차량,대중교통 교통카드,광주,0,0,일시불,0,국내전용,14000.0
1000333,2024-06-11 12:19:29,건강 / 병원,치과 스마일,대전,0,0,일시불,0,AMEX,13000.0
1000327,2024-06-11 14:01:58,패션 / 미용,슈즈라운지,용인,0,0,일시불,0,Mastercard,23000.0
1000268,2024-06-11 14:02:30,식비,김밥타운,광주,0,0,일시불,0,국내전용,3000.0
1000292,2024-06-11 18:17:20,카페,카페 도로시,울산,0,0,일시불,0,VISA,5000.0
1000308,2024-06-11 19:57:59,마트/편의점,그로서리스팟,인천,0,0,일시불,0,AMEX,6000.0
1000309,2024-06-12 09:27:35,마트/편의점,그로서리스팟,광주,1,0,일시불,0,Mastercard,2000.0
1000342,2024-06-12 14:33:02,기타,앱구매,대전,0,0,일시불,0,VISA,6000.0
1000269,2024-06-12 20:53:35,식비,샐러드바,서울,1,0,일시불,0,VISA,3000.0
1000270,2024-06-13 09:24:34,식비,면요리 전문점,대전,0,0,일시불,0,VISA,8000.0
1000293,2024-06-13 12:21:23,카페,카페 도로시,울산,0,0,일시불,0,Mastercard,15000.0
1000343,2024-06-13 21:21:03,기타,기타결제,광주,0,0,일시불,0,Mastercard,1000.0
1000344,2024-06-14 09:08:12,기타,디지털콘텐츠,울산,1,0,일시불,0,국내전용,1000.0
1000310,2024-06-14 09:42:25,마트/편의점,마켓365,울산,0,0,일시불,0,AMEX,11000.0
1000316,2024-06-14 17:42:01,문화생활,전시관 미술의집,인천,0,0,일시불,0,VISA,14000.0
1000271,2024-06-14 21:25:24,식비,분식집 가온,대구,1,0,일시불,0,VISA,6000.0
1000324,2024-06-15 10:08:39,교통 / 차량,대중교통 교통카드,대구,0,0,일시불,0,VISA,14000.0
1000311,2024-06-15 14:20:27,마트/편의점,그로서리스팟,성남,0,0,일시불,0,VISA,7000.0
1000294,2024-06-15 17:37:22,카페,카페 오늘,대구,1,0,일시불,0,Mastercard,8000.0
1000272,2024-06-15 18:21:14,식비,김밥타운,용인,1,0,일시불,0,국내전용,10000.0
1000325,2024-06-15 20:37:25,교통 / 차량,대중교통 교통카드,대전,1,0,일시불,0,Mastercard,11000.0
1000273,2024-06-16 10:18:23,식비,김밥타운,수원,0,0,일시불,0,AMEX,5000.0
1000274,2024-06-16 14:05:31,식비,분식집 가온,성남,0,0,일시불,0,국내전용,8000.0
1000275,2024-06-16 14:58:05,식비,한식당 미소,부산,0,0,일시불,0,Mastercard,7000.0
1000276,2024-06-16 20:10:20,식비,샐러드바,인천,0,0,일시불,0,국내전용,5000.0
1000277,2024-06-16 21:34:15,식비,김밥타운,수원,0,0,일시불,0,국내전용,5000.0
1000278,2024-06-17 12:12:35,식비,샐러드바,울산,1,0,일시불,0,국내전용,13000.0
1000328,2024-06-17 13:39:15,패션 / 미용,편집숍 스퀘어,수원,0,0,일시불,0,AMEX,21000.0
1000279,2024-06-17 18:29:16,식비,분식집 가온,대구,1,0,일시불,0,국내전용,10000.0
1000317,2024-06-18 19:39:42,문화생활,공연홀 라이트,성남,0,0,일시불,0,국내전용,8000.0
1000330,2024-06-19 16:11:30,생활용품,리빙스토어 홈온,서울,0,0,일시불,0,VISA,30000.0
1000280,2024-06-19 21:31:13,식비,분식집 가온,대구,0,0,일시불,0,AMEX,9000.0
1000281,2024-06-20 09:03:38,식비,치킨하우스,수원,0,0,일시불,0,AMEX,8000.0
1000282,2024-06-20 09:19:52,식비,김밥타운,수원,0,0,일시불,0,VISA,13000.0
1000318,2024-06-20 14:12:34,문화생활,공연홀 라이트,부산,0,0,일시불,0,VISA,10000.0
1000345,2024-06-20 21:04:52,기타,앱구매,대구,0,0,일시불,0,AMEX,4000.0
1000283,2024-06-20 21:11:07,식비,면요리 전문점,부산,0,0,일시불,0,VISA,16000.0
1000338,2024-06-21 12:37:07,교육,서점 아카데미,울산,0,0,일시불,0,Mastercard,12000.0
1000295,2024-06-21 15:46:34,카페,카페 오늘,광주,0,0,일시불,0,국내전용,15000.0
1000331,2024-06-21 20:19:51,생활용품,인테리어샵 라이트,울산,1,0,일시불,0,VISA,34000.0
1000346,2024-06-22 09:40:28,기타,앱구매,부산,0,0,일시불,0,국내전용,-3000.0
1000339,2024-06-23 10:55:04,경조사 / 회비,경조금 이체,성남,1,0,일시불,0,VISA,35000.0
1000312,2024-06-23 11:54:51,마트/편의점,그로서리스팟,성남,0,1,일시불,0,Mastercard,3000.0
1000334,2024-06-23 19:46:54,건강 / 병원,약국 그린,수원,1,0,일시불,0,국내전용,21000.0
1000284,2024-06-24 09:09:56,식비,김밥타운,성남,0,0,일시불,0,AMEX,17000.0
1000285,2024-06-24 12:27:45,식비,치킨하우스,부산,0,0,일시불,0,VISA,13000.0
1000313,2024-06-24 13:20:23,마트/편의점,편의점24,성남,0,0,일시불,0,국내전용,6000.0
1000286,2024-06-24 18:02:29,식비,샐러드바,성남,1,0,일시불,0,VISA,7000.0
1000287,2024-06-25 20:21:35,식비,한식당 미소,대전,0,0,일시불,0,국내전용,6000.0
1000319,2024-06-26 13:35:42,문화생활,책의정원,광주,0,0,일시불,0,AMEX,16000.0
1000288,2024-06-26 15:12:07,식비,김밥타운,인천,1,0,일시불,0,AMEX,2000.0
1000314,2024-06-27 15:26:59,마트/편의점,마켓365,서울,0,0,일시불,0,국내전용,8000.0
1000296,2024-06-28 09:27:49,카페,카페 포레,서울,0,0,일시불,0,Mastercard,7000.0
1000289,2024-06-28 12:05:41,식비,면요리 전문점,성남,0,0,일시불,0,AMEX,-3000.0
1000326,2024-06-28 17:44:26,교통 / 차량,주유소 에코,대전,1,0,일시불,0,AMEX,-3000.0
1000297,2024-06-29 13:50:23,카페,카페 도로시,부산,0,0,일시불,0,VISA,-5000.0
1000315,2024-06-30 09:00:34,마트/편의점,그로서리스팟,용인,0,0,일시불,0,국내전용,-9000.0
1000426,2024-07-01 14:25:56,건강 / 병원,한의원 다온,성남,0,0,일시불,0,VISA,11000.0
1000369,2024-07-02 10:40:15,카페,카페 오늘,인천,0,0,일시불,0,Mastercard,7000.0
1000409,2024-07-02 11:53:18,교통 / 차량,주유소 에코,용인,0,0,일시불,0,국내전용,4000.0
1000347,2024-07-03 16:06:01,식비,한식당 미소,대구,0,0,일시불,0,국내전용,29000.0
1000386,2024-07-03 17:33:32,마트/편의점,마켓365,대전,1,0,일시불,0,국내전용,8000.0
1000416,2024-07-03 18:55:43,패션 / 미용,편집숍 스퀘어,성남,0,0,일시불,0,AMEX,12000.0
1000348,2024-07-03 19:52:55,식비,샐러드바,울산,0,0,일시불,0,국내전용,31000.0
1000417,2024-07-04 16:36:31,패션 / 미용,편집숍 스퀘어,서울,0,0,일시불,0,AMEX,15000.0
1000436,2024-07-05 09:24:24,기타,기타결제,용인,0,0,일시불,0,VISA,4000.0
1000403,2024-07-05 15:12:18,문화생활,전시관 미술의집,광주,0,0,일시불,0,국내전용,3000.0
1000387,2024-07-05 18:45:54,마트/편의점,마켓365,대구,1,0,일시불,0,Mastercard,6000.0
1000349,2024-07-06 16:53:35,식비,치킨하우스,성남,0,0,일시불,0,국내전용,3000.0
1000418,2024-07-06 17:40:10,패션 / 미용,슈즈라운지,인천,0,0,일시불,0,국내전용,8000.0
1000419,2024-07-07 11:34:39,패션 / 미용,뷰티살롱 미르,용인,1,0,일시불,0,VISA,2000.0
1000388,2024-07-07 12:24:50,마트/편의점,편의점24,용인,0,0,일시불,0,국내전용,9000.0
1000389,2024-07-07 13:55:55,마트/편의점,메가마트,서울,1,0,일시불,0,Mastercard,12000.0
1000350,2024-07-07 14:02:11,식비,면요리 전문점,광주,0,0,일시불,0,Mastercard,12000.0
1000390,2024-07-08 14:29:42,마트/편의점,동네슈퍼,대전,0,1,일시불,0,AMEX,5000.0
1000351,2024-07-08 18:16:46,식비,분식집 가온,광주,1,0,일시불,0,국내전용,18000.0
1000352,2024-07-08 18:58:25,식비,치킨하우스,대구,0,0,일시불,0,VISA,10000.0
1000353,2024-07-09 09:57:18,식비,분식집 가온,수원,0,0,일시불,0,AMEX,14000.0
1000391,2024-07-09 10:10:17,마트/편의점,마켓365,부산,0,0,일시불,0,국내전용,6000.0
1000370,2024-07-09 13:31:22,카페,커피하루,광주,1,0,일시불,0,국내전용,2000.0
1000371,2024-07-09 14:28:06,카페,카페 오늘,광주,0,0,일시불,0,국내전용,3000.0
1000354,2024-07-09 16:21:13,식비,면요리 전문점,울산,0,0,일시불,0,VISA,19000.0
1000355,2024-07-09 19:49:36,식비,김밥타운,대구,0,0,일시불,0,VISA,18000.0
1000356,2024-07-10 17:15:06,식비,샐러드바,수원,0,0,일시불,0,AMEX,5000.0
1000372,2024-07-11 16:06:14,카페,브루랩,대전,1,0,일시불,0,VISA,2000.0
1000434,2024-07-12 11:38:36,보험 / 세금,자동차보험,울산,0,0,일시불,0,국내전용,14000.0
1000429,2024-07-12 17:40:59,교육,서점 아카데미,부산,1,0,일시불,0,Mastercard,6000.0
1000430,2024-07-13 13:15:35,교육,학원 스터디,광주,1,0,일시불,0,AMEX,3000.0
1000404,2024-07-13 15:22:13,문화생활,책의정원,대전,0,0,일시불,0,AMEX,10000.0
1000373,2024-07-13 17:50:22,카페,커피하루,울산,0,0,일시불,0,Mastercard,1000.0
1000392,2024-07-14 09:29:57,마트/편의점,편의점24,대구,1,0,일시불,0,Mastercard,14000.0
1000410,2024-07-14 10:23:56,교통 / 차량,하이패스,용인,0,0,일시불,0,VISA,6000.0
1000421,2024-07-14 18:05:19,생활용품,인테리어샵 라이트,인천,0,0,일시불,0,국내전용,27000.0
1000437,2024-07-14 20:27:02,기타,기타결제,서울,0,0,일시불,0,VISA,5000.0
1000427,2024-07-14 21:56:52,건강 / 병원,약국 그린,광주,0,0,일시불,0,AMEX,7000.0
1000393,2024-07-15 18:12:34,마트/편의점,마켓365,용인,0,0,일시불,0,AMEX,4000.0
1000374,2024-07-16 13:03:09,카페,카페 포레,광주,0,0,일시불,0,AMEX,4000.0
1000431,2024-07-16 14:10:47,교육,학원 스터디,부산,0,0,일시불,0,VISA,5000.0
1000411,2024-07-16 15:49:31,교통 / 차량,주차장 시티,울산,0,0,일시불,0,국내전용,12000.0
1000405,2024-07-16 17:22:20,문화생활,씨네박스,수원,0,0,일시불,0,AMEX,10000.0
1000375,2024-07-16 18:10:59,카페,카페 포레,울산,1,0,일시불,0,AMEX,8000.0
1000394,2024-07-17 13:31:20,마트/편의점,편의점24,부산,0,0,일시불,0,AMEX,5000.0
1000357,2024-07-17 18:12:12,식비,샐러드바,용인,0,0,일시불,0,VISA,2000.0
1000358,2024-07-17 21:43:56,식비,면요리 전문점,수원,0,0,일시불,0,AMEX,15000.0
1000395,2024-07-18 15:51:26,마트/편의점,메가마트,울산,1,0,일시불,0,국내전용,7000.0
1000435,2024-07-18 21:30:15,보험 / 세금,자동차보험,서울,0,0,일시불,0,VISA,18000.0
1000425,2024-07-19 09:15:56,주거 / 통신,전기요금,대전,1,0,일시불,0,국내전용,157000.0
1000396,2024-07-19 09:44:38,마트/편의점,마켓365,광주,0,0,일시불,0,Mastercard,6000.0
1000376,2024-07-19 11:06:01,카페,카페 오늘,성남,0,0,일시불,0,AMEX,3000.0
1000377,2024-07-19 19:02:41,카페,브루랩,광주,1,0,일시불,0,국내전용,3000.0
1000378,2024-07-20 12:21:13,카페,카페 포레,성남,0,0,일시불,0,국내전용,1000.0
1000359,2024-07-20 12:29:10,식비,한식당 미소,울산,0,0,일시불,0,Mastercard,18000.0
1000422,2024-07-20 16:47:29,생활용품,생활잡화 우노,인천,0,0,일시불,0,AMEX,13000.0
1000360,2024-07-20 21:27:57,식비,치킨하우스,대전,0,0,일시불,0,국내전용,12000.0
1000438,2024-07-21 20:44:11,기타,앱구매,수원,0,0,일시불,0,VISA,1000.0
1000361,2024-07-22 09:16:19,식비,김밥타운,용인,0,0,일시불,0,AMEX,15000.0
1000420,2024-07-22 13:21:42,패션 / 미용,편집숍 스퀘어,광주,0,0,일시불,0,AMEX,8000.0
1000428,2024-07-22 13:30:22,건강 / 병원,약국 그린,부산,0,0,일시불,0,AMEX,6000.0
1000397,2024-07-22 17:09:55,마트/편의점,동네슈퍼,인천,1,0,일시불,0,Mastercard,2000.0
1000432,2024-07-22 21:23:19,경조사 / 회비,부조금,인천,0,0,일시불,0,국내전용,14000.0
1000379,2024-07-25 14:35:22,카페,카페 도로시,용인,0,0,일시불,0,VISA,1000.0
1000423,2024-07-25 21:01:03,생활용품,생활잡화 우노,성남,0,0,일시불,0,AMEX,14000.0
1000398,2024-07-26 11:45:35,마트/편의점,메가마트,대전,0,0,일시불,0,VISA,7000.0
1000380,2024-07-26 14:55:11,카페,카페 오늘,광주,1,0,일시불,0,국내전용,11000.0
1000381,2024-07-27 09:50:05,카페,카페 오늘,광주,0,0,일시불,0,AMEX,1000.0
1000412,2024-07-27 12:04:11,교통 / 차량,하이패스,서울,0,0,일시불,0,VISA,23000.0
1000382,2024-07-27 12:41:53,카페,커피하루,서울,1,0,일시불,0,VISA,1000.0
1000433,2024-07-27 12:53:49,경조사 / 회비,경조금 이체,대구,0,0,일시불,0,국내전용,7000.0
1000383,2024-07-27 14:47:25,카페,카페 포레,서울,0,1,일시불,0,AMEX,5000.0
1000362,2024-07-27 18:08:38,식비,치킨하우스,성남,0,0,일시불,0,VISA,19000.0
1000439,2024-07-27 18:50:55,기타,앱구매,수원,1,0,일시불,0,AMEX,-3000.0
1000399,2024-07-27 20:08:18,마트/편의점,편의점24,인천,1,0,일시불,0,Mastercard,8000.0
1000400,2024-07-27 20:37:04,마트/편의점,마켓365,성남,1,0,일시불,0,Mastercard,5000.0
1000413,2024-07-28 09:26:17,교통 / 차량,주차장 시티,인천,0,0,일시불,0,AMEX,14000.0
1000363,2024-07-28 09:59:08,식비,한식당 미소,수원,0,0,일시불,0,VISA,14000.0
1000364,2024-07-28 11:52:16,식비,면요리 전문점,인천,0,0,일시불,0,VISA,6000.0
1000414,2024-07-28 11:55:35,교통 / 차량,주차장 시티,용인,0,0,일시불,0,Mastercard,10000.0
1000415,2024-07-29 09:06:09,교통 / 차량,주차장 시티,수원,0,0,일시불,0,AMEX,14000.0
1000406,2024-07-29 10:09:06,문화생활,전시관 미술의집,대구,0,0,일시불,0,VISA,8000.0
1000407,2024-07-29 12:26:39,문화생활,책의정원,울산,0,0,일시불,0,VISA,10000.0
1000365,2024-07-29 15:50:56,식비,분식집 가온,광주,1,0,일시불,0,AMEX,13000.0
1000401,2024-07-29 19:18:09,마트/편의점,그로서리스팟,인천,1,0,일시불,0,AMEX,2000.0
1000424,2024-07-29 20:44:14,생활용품,생활잡화 우노,수원,0,0,일시불,0,VISA,11000.0
1000366,2024-07-31 11:56:02,식비,분식집 가온,대구,0,0,일시불,0,국내전용,8000.0
1000384,2024-07-31 12:47:05,카페,카페 오늘,대전,0,0,일시불,0,Mastercard,7000.0
1000402,2024-07-31 16:39:35,마트/편의점,그로서리스팟,울산,0,0,일시불,0,국내전용,10000.0
1000408,2024-07-31 18:54:15,문화생활,공연홀 라이트,울산,0,0,일시불,0,AMEX,32000.0
1000367,2024-07-31 19:39:15,식비,치킨하우스,광주,0,0,일시불,0,국내전용,6000.0
1000368,2024-07-31 20:25:11,식비,분식집 가온,부산,0,0,일시불,0,국내전용,19000.0
1000385,2024-07-31 21:40:15,카페,카페 오늘,서울,0,0,일시불,0,국내전용,8000.0
1000482,2024-08-01 13:48:52,마트/편의점,동네슈퍼,성남,0,0,일시불,0,Mastercard,2000.0
1000440,2024-08-01 17:50:20,식비,김밥타운,대구,0,0,일시불,0,국내전용,12000.0
1000483,2024-08-02 10:38:16,마트/편의점,편의점24,용인,0,0,일시불,0,AMEX,6000.0
1000523,2024-08-02 18:55:16,건강 / 병원,의원 드림,용인,1,0,일시불,0,Mastercard,16000.0
1000484,2024-08-02 20:23:21,마트/편의점,마켓365,성남,0,0,일시불,0,국내전용,1000.0
1000471,2024-08-03 09:28:53,카페,카페 오늘,서울,1,0,일시불,0,국내전용,2000.0
1000441,2024-08-03 10:45:51,식비,샐러드바,대구,0,0,일시불,0,국내전용,8000.0
1000442,2024-08-03 14:40:06,식비,김밥타운,대전,1,0,일시불,0,VISA,6000.0
1000443,2024-08-03 16:55:24,식비,면요리 전문점,성남,0,0,일시불,0,VISA,5000.0
1000527,2024-08-03 18:14:07,교육,온라인강의몰,광주,0,0,일시불,0,Mastercard,31000.0
1000485,2024-08-03 20:52:53,마트/편의점,편의점24,성남,0,0,일시불,0,국내전용,4000.0
1000516,2024-08-04 12:33:30,생활용품,인테리어샵 라이트,용인,1,0,일시불,0,국내전용,2000.0
1000486,2024-08-05 19:31:31,마트/편의점,메가마트,울산,0,0,일시불,0,VISA,10000.0
1000487,2024-08-06 12:48:39,마트/편의점,동네슈퍼,대전,0,0,일시불,0,Mastercard,1000.0
1000530,2024-08-06 16:06:41,기타,기타결제,대구,1,0,일시불,0,AMEX,5000.0
1000488,2024-08-07 12:47:50,마트/편의점,메가마트,성남,0,0,일시불,0,국내전용,7000.0
1000513,2024-08-07 12:48:14,패션 / 미용,편집숍 스퀘어,광주,0,0,일시불,0,AMEX,15000.0
1000489,2024-08-07 17:08:27,마트/편의점,마켓365,수원,0,0,일시불,0,국내전용,4000.0
1000444,2024-08-09 12:55:12,식비,샐러드바,광주,1,0,일시불,0,VISA,4000.0
1000445,2024-08-09 13:41:40,식비,치킨하우스,대전,0,0,일시불,0,VISA,6000.0
1000446,2024-08-09 20:08:05,식비,면요리 전문점,부산,0,0,일시불,0,AMEX,7000.0
1000529,2024-08-09 21:13:05,보험 / 세금,국세청 납부,울산,0,0,일시불,0,AMEX,13000.0
1000490,2024-08-10 15:54:07,마트/편의점,마켓365,용인,0,0,일시불,0,국내전용,3000.0
1000472,2024-08-11 10:18:47,카페,카페 오늘,성남,0,0,일시불,0,AMEX,6000.0
1000531,2024-08-11 10:57:29,기타,디지털콘텐츠,용인,1,0,일시불,0,국내전용,2000.0
1000473,2024-08-11 11:27:50,카페,카페 도로시,용인,0,0,일시불,0,VISA,24000.0
1000491,2024-08-11 16:59:50,마트/편의점,그로서리스팟,성남,1,0,일시불,0,AMEX,8000.0
1000492,2024-08-11 19:45:09,마트/편의점,편의점24,성남,0,0,일시불,0,Mastercard,5000.0
1000474,2024-08-12 10:13:50,카페,커피하루,서울,1,0,일시불,0,VISA,7000.0
1000514,2024-08-12 13:11:43,패션 / 미용,뷰티살롱 미르,대전,0,0,일시불,0,AMEX,8000.0
1000506,2024-08-12 19:14:56,교통 / 차량,주유소 에코,서울,0,0,일시불,0,Mastercard,15000.0
1000507,2024-08-13 11:05:36,교통 / 차량,주차장 시티,성남,0,0,일시불,0,VISA,12000.0
1000493,2024-08-13 14:15:39,마트/편의점,메가마트,서울,1,0,일시불,0,VISA,1000.0
1000494,2024-08-14 17:45:16,마트/편의점,그로서리스팟,인천,0,0,일시불,0,국내전용,8000.0
1000495,2024-08-15 09:04:46,마트/편의점,그로서리스팟,서울,0,0,일시불,0,VISA,4000.0
1000447,2024-08-15 18:03:39,식비,한식당 미소,대구,0,1,일시불,0,국내전용,3000.0
1000448,2024-08-16 09:46:42,식비,김밥타운,부산,0,0,일시불,0,Mastercard,2000.0
1000528,2024-08-16 10:28:01,경조사 / 회비,동호회 회비,용인,0,0,일시불,0,AMEX,59000.0
1000517,2024-08-16 14:38:32,생활용품,인테리어샵 라이트,인천,0,0,일시불,0,AMEX,1000.0
1000524,2024-08-16 15:43:20,건강 / 병원,약국 그린,울산,0,0,일시불,0,Mastercard,5000.0
1000449,2024-08-16 17:31:47,식비,분식집 가온,인천,0,0,일시불,0,AMEX,3000.0
1000450,2024-08-16 18:41:29,식비,면요리 전문점,울산,0,0,일시불,0,VISA,13000.0
1000496,2024-08-17 13:05:12,마트/편의점,그로서리스팟,울산,1,0,일시불,0,VISA,6000.0
1000451,2024-08-17 16:39:05,식비,분식집 가온,대구,1,0,일시불,0,Mastercard,6000.0
1000518,2024-08-17 19:21:53,생활용품,리빙스토어 홈온,용인,1,0,일시불,0,국내전용,10000.0
1000452,2024-08-17 20:40:52,식비,치킨하우스,수원,0,0,일시불,0,AMEX,1000.0
1000532,2024-08-17 20:44:44,기타,기타결제,성남,1,0,일시불,0,Mastercard,2000.0
1000525,2024-08-18 09:47:40,건강 / 병원,한의원 다온,부산,0,0,일시불,0,국내전용,5000.0
1000522,2024-08-18 16:56:12,주거 / 통신,가스요금,용인,0,0,할부,4,Mastercard,180000.0
1000515,2024-08-18 20:31:39,패션 / 미용,뷰티살롱 미르,대전,0,0,할부,6,AMEX,38000.0
1000475,2024-08-19 11:43:53,카페,카페 도로시,인천,1,0,일시불,0,VISA,10000.0
1000505,2024-08-19 18:26:30,문화생활,씨네박스,수원,1,0,일시불,0,VISA,68000.0
1000497,2024-08-19 18:31:35,마트/편의점,편의점24,울산,0,0,일시불,0,Mastercard,6000.0
1000453,2024-08-19 21:38:59,식비,샐러드바,용인,0,0,일시불,0,VISA,14000.0
1000498,2024-08-20 11:35:59,마트/편의점,편의점24,광주,1,1,일시불,0,VISA,10000.0
1000476,2024-08-20 19:28:11,카페,커피하루,수원,1,0,일시불,0,AMEX,7000.0
1000499,2024-08-21 12:36:58,마트/편의점,편의점24,대전,0,0,일시불,0,VISA,5000.0
1000454,2024-08-21 21:54:30,식비,김밥타운,인천,1,0,일시불,0,AMEX,12000.0
1000455,2024-08-22 09:38:56,식비,면요리 전문점,성남,0,0,일시불,0,국내전용,6000.0
1000508,2024-08-22 12:20:55,교통 / 차량,하이패스,광주,0,0,일시불,0,Mastercard,11000.0
1000477,2024-08-22 20:55:33,카페,커피하루,부산,0,0,일시불,0,국내전용,9000.0
1000456,2024-08-23 10:43:06,식비,면요리 전문점,대구,0,0,일시불,0,AMEX,20000.0
1000500,2024-08-23 17:17:05,마트/편의점,그로서리스팟,울산,1,0,일시불,0,Mastercard,5000.0
1000457,2024-08-23 17:17:20,식비,김밥타운,광주,1,0,일시불,0,AMEX,11000.0
1000478,2024-08-24 10:25:39,카페,커피하루,대전,1,0,일시불,0,AMEX,3000.0
1000458,2024-08-24 11:26:05,식비,분식집 가온,광주,0,0,일시불,0,AMEX,11000.0
1000459,2024-08-24 12:11:38,식비,한식당 미소,울산,0,0,일시불,0,VISA,14000.0
1000460,2024-08-24 12:40:27,식비,분식집 가온,용인,0,0,일시불,0,AMEX,6000.0
1000461,2024-08-24 20:30:18,식비,한식당 미소,성남,0,0,일시불,0,AMEX,1000.0
1000509,2024-08-25 11:50:10,교통 / 차량,대중교통 교통카드,성남,0,0,일시불,0,AMEX,10000.0
1000501,2024-08-25 13:05:56,마트/편의점,메가마트,광주,0,0,일시불,0,국내전용,2000.0
1000533,2024-08-25 16:12:30,기타,앱구매,수원,0,0,일시불,0,국내전용,3000.0
1000519,2024-08-25 18:38:36,생활용품,인테리어샵 라이트,광주,0,0,일시불,0,VISA,4000.0
1000502,2024-08-25 19:44:27,마트/편의점,편의점24,울산,0,0,일시불,0,국내전용,2000.0
1000479,2024-08-25 20:22:21,카페,브루랩,대구,1,0,일시불,0,AMEX,4000.0
1000520,2024-08-25 21:03:00,생활용품,인테리어샵 라이트,성남,0,0,일시불,0,Mastercard,14000.0
1000521,2024-08-26 15:36:38,생활용품,생활잡화 우노,울산,1,0,일시불,0,VISA,5000.0
1000510,2024-08-26 20:38:21,교통 / 차량,하이패스,성남,0,0,일시불,0,VISA,25000.0
1000511,2024-08-26 20:57:51,교통 / 차량,주차장 시티,광주,0,0,일시불,0,AMEX,10000.0
1000462,2024-08-26 21:25:27,식비,김밥타운,대전,0,0,일시불,0,Mastercard,4000.0
1000480,2024-08-27 20:55:54,카페,카페 오늘,부산,1,0,일시불,0,AMEX,2000.0
1000463,2024-08-28 11:56:53,식비,분식집 가온,인천,0,0,일시불,0,AMEX,3000.0
1000464,2024-08-28 13:25:45,식비,분식집 가온,용인,0,0,일시불,0,AMEX,7000.0
1000481,2024-08-28 13:53:16,카페,브루랩,광주,0,0,일시불,0,국내전용,5000.0
1000465,2024-08-29 10:41:52,식비,치킨하우스,수원,0,0,일시불,0,Mastercard,6000.0
1000466,2024-08-29 12:50:51,식비,김밥타운,광주,0,0,일시불,0,AMEX,3000.0
1000467,2024-08-29 13:58:02,식비,김밥타운,서울,0,0,일시불,0,국내전용,20000.0
1000534,2024-08-29 19:50:52,기타,디지털콘텐츠,수원,0,0,일시불,0,AMEX,5000.0
1000526,2024-08-30 10:52:22,건강 / 병원,치과 스마일,서울,0,0,일시불,0,Mastercard,17000.0
1000468,2024-08-30 10:54:34,식비,면요리 전문점,서울,0,0,일시불,0,AMEX,9000.0
1000469,2024-08-30 15:21:38,식비,김밥타운,울산,0,0,일시불,0,VISA,12000.0
1000470,2024-08-30 19:20:29,식비,한식당 미소,대전,0,0,일시불,0,국내전용,12000.0
1000512,2024-08-31 10:54:08,교통 / 차량,주유소 에코,부산,1,0,일시불,0,AMEX,10000.0
1000503,2024-08-31 16:18:11,마트/편의점,마켓365,대구,1,0,일시불,0,Mastercard,3000.0
1000504,2024-08-31 19:10:41,마트/편의점,그로서리스팟,광주,0,0,일시불,0,국내전용,-3000.0
1000535,2024-09-01 11:58:30,식비,샐러드바,인천,0,0,일시불,0,Mastercard,9000.0
1000536,2024-09-02 14:18:36,식비,면요리 전문점,대구,0,0,일시불,0,VISA,11000.0
1000609,2024-09-03 13:01:42,교육,학원 스터디,대구,0,0,일시불,0,국내전용,7000.0
1000573,2024-09-03 16:27:59,마트/편의점,그로서리스팟,광주,0,0,일시불,0,AMEX,25000.0
1000537,2024-09-03 18:23:52,식비,면요리 전문점,광주,1,0,일시불,0,AMEX,2000.0
1000612,2024-09-04 09:00:28,보험 / 세금,지방세 납부,울산,0,0,일시불,0,AMEX,43000.0
1000538,2024-09-04 09:37:33,식비,김밥타운,성남,0,0,일시불,0,AMEX,10000.0
1000563,2024-09-05 10:15:53,카페,카페 도로시,울산,0,0,일시불,0,Mastercard,7000.0
1000606,2024-09-05 16:23:27,주거 / 통신,가스요금,성남,0,0,일시불,0,Mastercard,202000.0
1000597,2024-09-06 10:52:49,패션 / 미용,의류샵 루프,광주,1,0,할부,4,국내전용,54000.0
1000592,2024-09-06 14:10:36,교통 / 차량,하이패스,수원,0,0,일시불,0,Mastercard,8000.0
1000539,2024-09-06 18:59:46,식비,샐러드바,인천,1,0,일시불,0,AMEX,14000.0
1000540,2024-09-07 09:13:29,식비,샐러드바,부산,0,0,일시불,0,AMEX,9000.0
1000564,2024-09-07 12:27:06,카페,카페 오늘,부산,0,0,일시불,0,AMEX,7000.0
1000574,2024-09-07 17:41:39,마트/편의점,메가마트,용인,0,0,일시불,0,AMEX,8000.0
1000599,2024-09-07 21:49:22,생활용품,인테리어샵 라이트,광주,0,0,일시불,0,국내전용,9000.0
1000565,2024-09-08 14:16:09,카페,커피하루,부산,0,0,일시불,0,국내전용,19000.0
1000600,2024-09-09 12:57:46,생활용품,리빙스토어 홈온,대전,0,0,일시불,0,국내전용,2000.0
1000541,2024-09-09 16:07:25,식비,김밥타운,대전,0,0,일시불,0,AMEX,8000.0
1000542,2024-09-10 13:17:00,식비,한식당 미소,울산,0,0,일시불,0,VISA,11000.0
1000543,2024-09-11 09:57:36,식비,분식집 가온,대구,0,0,일시불,0,Mastercard,8000.0
1000566,2024-09-11 12:45:38,카페,커피하루,대구,1,0,일시불,0,국내전용,19000.0
1000593,2024-09-11 18:45:54,교통 / 차량,대중교통 교통카드,광주,0,0,일시불,0,AMEX,12000.0
1000575,2024-09-11 21:13:42,마트/편의점,편의점24,울산,0,0,일시불,0,Mastercard,9000.0
1000544,2024-09-12 12:53:37,식비,면요리 전문점,인천,0,0,일시불,0,Mastercard,9000.0
1000576,2024-09-12 18:40:26,마트/편의점,동네슈퍼,울산,1,0,일시불,0,국내전용,3000.0
1000588,2024-09-12 19:45:18,문화생활,씨네박스,서울,0,0,일시불,0,국내전용,29000.0
1000577,2024-09-12 21:28:36,마트/편의점,편의점24,대전,0,0,일시불,0,VISA,15000.0
1000545,2024-09-13 09:05:15,식비,분식집 가온,성남,0,0,일시불,0,AMEX,5000.0
1000607,2024-09-13 15:10:23,건강 / 병원,약국 그린,수원,0,0,일시불,0,Mastercard,18000.0
1000589,2024-09-14 09:20:33,문화생활,책의정원,성남,0,0,일시불,0,국내전용,15000.0
1000546,2024-09-14 14:13:56,식비,치킨하우스,울산,1,0,일시불,0,국내전용,6000.0
1000578,2024-09-14 14:23:39,마트/편의점,그로서리스팟,용인,0,0,일시불,0,Mastercard,2000.0
1000598,2024-09-14 16:43:48,패션 / 미용,슈즈라운지,서울,0,0,일시불,0,국내전용,42000.0
1000547,2024-09-14 21:26:58,식비,김밥타운,인천,1,0,일시불,0,AMEX,1000.0
1000567,2024-09-15 10:22:34,카페,카페 포레,부산,0,0,일시불,0,Mastercard,13000.0
1000548,2024-09-15 12:29:30,식비,치킨하우스,부산,0,0,일시불,0,국내전용,3000.0
1000608,2024-09-15 14:32:12,건강 / 병원,의원 드림,부산,1,0,일시불,0,AMEX,19000.0
1000579,2024-09-15 17:59:53,마트/편의점,마켓365,대전,0,0,일시불,0,Mastercard,1000.0
1000601,2024-09-15 21:46:54,생활용품,리빙스토어 홈온,수원,0,0,일시불,0,국내전용,6000.0
1000580,2024-09-16 16:46:24,마트/편의점,동네슈퍼,수원,0,0,일시불,0,국내전용,11000.0
1000549,2024-09-16 20:14:14,식비,면요리 전문점,서울,0,0,일시불,0,VISA,16000.0
1000568,2024-09-17 11:37:14,카페,카페 포레,인천,0,0,일시불,0,AMEX,7000.0
1000550,2024-09-18 09:39:43,식비,김밥타운,서울,0,0,일시불,0,VISA,10000.0
1000581,2024-09-18 17:04:56,마트/편의점,동네슈퍼,대전,0,0,일시불,0,AMEX,5000.0
1000590,2024-09-19 09:15:53,문화생활,씨네박스,서울,0,0,일시불,0,VISA,12000.0
1000569,2024-09-19 11:53:03,카페,브루랩,용인,0,0,일시불,0,VISA,11000.0
1000551,2024-09-19 13:23:46,식비,샐러드바,대구,1,0,일시불,0,VISA,20000.0
1000570,2024-09-19 19:45:53,카페,커피하루,울산,0,0,일시불,0,VISA,6000.0
1000594,2024-09-21 10:37:34,교통 / 차량,하이패스,부산,0,0,일시불,0,Mastercard,12000.0
1000552,2024-09-21 12:30:34,식비,분식집 가온,부산,0,0,일시불,0,AMEX,9000.0
1000582,2024-09-21 13:34:47,마트/편의점,메가마트,부산,1,0,일시불,0,Mastercard,9000.0
1000583,2024-09-22 10:31:15,마트/편의점,마켓365,수원,0,0,일시불,0,AMEX,9000.0
1000553,2024-09-23 09:41:52,식비,치킨하우스,성남,0,0,일시불,0,Mastercard,6000.0
1000554,2024-09-23 10:22:15,식비,분식집 가온,울산,0,0,일시불,0,국내전용,12000.0
1000595,2024-09-23 14:39:07,교통 / 차량,대중교통 교통카드,울산,0,0,일시불,0,AMEX,5000.0
1000584,2024-09-23 21:45:40,마트/편의점,그로서리스팟,대구,0,0,일시불,0,Mastercard,3000.0
1000555,2024-09-24 10:33:31,식비,한식당 미소,광주,0,0,일시불,0,국내전용,7000.0
1000556,2024-09-24 16:32:59,식비,샐러드바,부산,0,0,일시불,0,Mastercard,9000.0
1000585,2024-09-24 19:56:41,마트/편의점,메가마트,성남,0,1,일시불,0,VISA,5000.0
1000557,2024-09-24 21:57:53,식비,면요리 전문점,서울,0,0,일시불,0,VISA,6000.0
1000591,2024-09-25 13:58:02,문화생활,씨네박스,수원,0,0,일시불,0,Mastercard,4000.0
1000602,2024-09-25 14:30:19,생활용품,생활잡화 우노,광주,0,0,일시불,0,Mastercard,7000.0
1000586,2024-09-25 16:40:55,마트/편의점,동네슈퍼,대구,0,0,일시불,0,Mastercard,20000.0
1000558,2024-09-25 16:55:40,식비,한식당 미소,부산,1,0,일시불,0,AMEX,5000.0
1000596,2024-09-25 17:29:28,교통 / 차량,대중교통 교통카드,부산,0,0,일시불,0,Mastercard,13000.0
1000559,2024-09-26 09:53:48,식비,치킨하우스,용인,0,0,일시불,0,AMEX,5000.0
1000560,2024-09-26 09:57:07,식비,샐러드바,울산,0,0,일시불,0,Mastercard,6000.0
1000587,2024-09-26 21:55:14,마트/편의점,메가마트,용인,0,0,일시불,0,국내전용,0.0
1000611,2024-09-27 12:18:05,경조사 / 회비,부조금,서울,1,0,일시불,0,국내전용,36000.0
1000571,2024-09-28 14:48:55,카페,브루랩,용인,0,0,일시불,0,국내전용,10000.0
1000603,2024-09-28 17:07:12,생활용품,인테리어샵 라이트,용인,0,0,일시불,0,AMEX,1000.0
1000604,2024-09-29 09:52:13,생활용품,인테리어샵 라이트,부산,0,0,일시불,0,VISA,5000.0
1000613,2024-09-29 10:59:47,기타,기타결제,용인,0,1,일시불,0,AMEX,4000.0
1000561,2024-09-29 15:24:39,식비,분식집 가온,인천,1,0,일시불,0,Mastercard,7000.0
1000562,2024-09-29 16:36:37,식비,김밥타운,수원,0,0,일시불,0,국내전용,4000.0
1000572,2024-09-29 21:51:18,카페,커피하루,대전,0,0,일시불,0,VISA,-3000.0
1000605,2024-09-30 14:18:12,생활용품,생활잡화 우노,울산,0,0,일시불,0,Mastercard,12000.0
1000610,2024-09-30 19:36:21,교육,학원 스터디,부산,1,0,일시불,0,Mastercard,12000.0
1000672,2024-10-01 10:54:58,문화생활,공연홀 라이트,용인,1,0,일시불,0,국내전용,2000.0
1000644,2024-10-01 12:33:18,카페,브루랩,부산,1,0,일시불,0,AMEX,16000.0
1000614,2024-10-01 15:57:38,식비,김밥타운,대전,0,0,일시불,0,Mastercard,5000.0
1000673,2024-10-01 17:55:47,문화생활,공연홀 라이트,성남,0,0,일시불,0,Mastercard,20000.0
1000679,2024-10-02 09:51:10,교통 / 차량,하이패스,대구,1,0,일시불,0,VISA,11000.0
1000699,2024-10-02 10:14:40,생활용품,인테리어샵 라이트,서울,0,0,일시불,0,국내전용,6000.0
1000615,2024-10-02 12:20:18,식비,김밥타운,광주,0,0,일시불,0,국내전용,22000.0
1000700,2024-10-02 13:42:10,생활용품,인테리어샵 라이트,광주,0,0,일시불,0,Mastercard,15000.0
1000616,2024-10-02 14:31:14,식비,한식당 미소,대전,0,0,일시불,0,국내전용,2000.0
1000617,2024-10-02 16:22:00,식비,치킨하우스,울산,0,0,일시불,0,VISA,1000.0
1000618,2024-10-02 17:20:55,식비,샐러드바,대구,0,0,일시불,0,국내전용,6000.0
1000652,2024-10-02 18:01:01,마트/편의점,마켓365,울산,0,0,일시불,0,AMEX,11000.0
1000645,2024-10-03 12:56:35,카페,카페 도로시,울산,0,0,일시불,0,AMEX,3000.0
1000680,2024-10-03 16:41:19,교통 / 차량,대중교통 교통카드,인천,0,0,일시불,0,국내전용,11000.0
1000701,2024-10-03 17:35:26,생활용품,리빙스토어 홈온,수원,0,0,일시불,0,Mastercard,1000.0
1000706,2024-10-03 17:41:24,주거 / 통신,가스요금,대구,0,0,할부,3,Mastercard,58000.0
1000653,2024-10-03 19:24:51,마트/편의점,마켓365,부산,0,0,일시불,0,AMEX,4000.0
1000674,2024-10-05 09:51:24,문화생활,책의정원,서울,1,0,일시불,0,Mastercard,8000.0
1000654,2024-10-05 10:31:07,마트/편의점,그로서리스팟,서울,0,0,일시불,0,국내전용,7000.0
1000619,2024-10-05 10:51:51,식비,샐러드바,부산,1,0,일시불,0,AMEX,1000.0
1000655,2024-10-05 12:25:09,마트/편의점,동네슈퍼,울산,0,0,일시불,0,Mastercard,8000.0
1000681,2024-10-05 12:57:12,교통 / 차량,대중교통 교통카드,대전,0,0,일시불,0,AMEX,3000.0
1000682,2024-10-05 14:01:14,교통 / 차량,주차장 시티,용인,0,0,일시불,0,국내전용,6000.0
1000620,2024-10-05 15:13:08,식비,면요리 전문점,서울,1,0,일시불,0,국내전용,5000.0
1000714,2024-10-06 10:17:17,기타,앱구매,대구,0,0,일시불,0,Mastercard,17000.0
1000656,2024-10-06 12:52:17,마트/편의점,편의점24,대전,0,0,일시불,0,국내전용,14000.0
1000621,2024-10-06 14:17:13,식비,김밥타운,용인,0,0,일시불,0,VISA,3000.0
1000683,2024-10-06 14:55:49,교통 / 차량,대중교통 교통카드,대전,0,0,일시불,0,AMEX,1000.0
1000646,2024-10-06 16:47:33,카페,카페 포레,용인,0,0,일시불,0,AMEX,12000.0
1000657,2024-10-07 17:17:50,마트/편의점,동네슈퍼,용인,0,0,일시불,0,Mastercard,1000.0
1000622,2024-10-07 18:47:25,식비,치킨하우스,인천,0,0,일시불,0,Mastercard,1000.0
1000710,2024-10-07 20:27:58,교육,서점 아카데미,광주,0,0,일시불,0,국내전용,34000.0
1000675,2024-10-08 15:16:28,문화생활,전시관 미술의집,대전,0,0,일시불,0,AMEX,15000.0
1000692,2024-10-08 21:51:57,패션 / 미용,슈즈라운지,성남,1,0,할부,3,VISA,8000.0
1000693,2024-10-09 13:34:38,패션 / 미용,슈즈라운지,부산,0,0,일시불,0,Mastercard,8000.0
1000711,2024-10-09 17:02:43,경조사 / 회비,동호회 회비,수원,1,0,일시불,0,AMEX,39000.0
1000684,2024-10-09 21:57:03,교통 / 차량,주차장 시티,용인,0,0,일시불,0,Mastercard,11000.0
1000694,2024-10-10 09:14:16,패션 / 미용,뷰티살롱 미르,서울,1,0,일시불,0,국내전용,11000.0
1000685,2024-10-10 17:37:23,교통 / 차량,하이패스,부산,0,0,일시불,0,AMEX,5000.0
1000623,2024-10-11 10:03:34,식비,샐러드바,수원,0,0,일시불,0,AMEX,7000.0
1000686,2024-10-11 13:23:29,교통 / 차량,대중교통 교통카드,용인,0,0,일시불,0,국내전용,4000.0
1000687,2024-10-11 21:43:18,교통 / 차량,대중교통 교통카드,용인,1,0,일시불,0,Mastercard,4000.0
1000624,2024-10-12 10:24:10,식비,샐러드바,대전,1,0,일시불,0,AMEX,3000.0
1000625,2024-10-12 19:06:48,식비,면요리 전문점,울산,0,0,일시불,0,국내전용,4000.0
1000626,2024-10-13 10:56:43,식비,김밥타운,용인,0,0,일시불,0,AMEX,4000.0
1000695,2024-10-13 13:57:15,패션 / 미용,슈즈라운지,수원,0,0,일시불,0,AMEX,10000.0
1000627,2024-10-13 18:49:00,식비,분식집 가온,대구,0,0,일시불,0,VISA,1000.0
1000688,2024-10-14 09:59:16,교통 / 차량,대중교통 교통카드,성남,1,0,일시불,0,Mastercard,9000.0
1000628,2024-10-14 13:10:54,식비,치킨하우스,수원,1,0,일시불,0,국내전용,19000.0
1000658,2024-10-14 17:45:03,마트/편의점,동네슈퍼,대구,0,0,일시불,0,VISA,5000.0
1000629,2024-10-15 10:10:08,식비,치킨하우스,울산,0,0,일시불,0,AMEX,10000.0
1000630,2024-10-15 16:15:10,식비,샐러드바,부산,0,0,일시불,0,VISA,6000.0
1000659,2024-10-16 19:02:44,마트/편의점,동네슈퍼,대전,1,0,일시불,0,AMEX,18000.0
1000631,2024-10-17 11:29:29,식비,면요리 전문점,서울,1,0,일시불,0,VISA,2000.0
1000632,2024-10-17 15:59:44,식비,분식집 가온,용인,0,0,일시불,0,Mastercard,6000.0
1000633,2024-10-17 17:51:02,식비,치킨하우스,용인,0,0,일시불,0,Mastercard,3000.0
1000712,2024-10-17 20:50:43,보험 / 세금,건강보험,수원,0,0,할부,6,국내전용,9000.0
1000647,2024-10-18 11:17:43,카페,카페 포레,광주,0,0,일시불,0,국내전용,17000.0
1000660,2024-10-18 13:41:34,마트/편의점,메가마트,수원,1,0,일시불,0,AMEX,18000.0
1000708,2024-10-18 14:25:44,건강 / 병원,치과 스마일,부산,0,0,일시불,0,VISA,21000.0
1000661,2024-10-18 20:53:19,마트/편의점,그로서리스팟,울산,0,0,일시불,0,AMEX,3000.0
1000696,2024-10-19 11:12:50,패션 / 미용,뷰티살롱 미르,대구,1,0,일시불,0,Mastercard,6000.0
1000662,2024-10-19 15:03:09,마트/편의점,그로서리스팟,인천,1,0,일시불,0,VISA,3000.0
1000689,2024-10-19 15:18:55,교통 / 차량,주유소 에코,대전,1,0,일시불,0,VISA,6000.0
1000634,2024-10-19 19:21:44,식비,치킨하우스,성남,0,0,일시불,0,국내전용,5000.0
1000690,2024-10-19 21:46:19,교통 / 차량,하이패스,용인,1,0,일시불,0,VISA,1000.0
1000663,2024-10-19 21:53:30,마트/편의점,마켓365,수원,0,0,일시불,0,국내전용,12000.0
1000648,2024-10-20 13:41:17,카페,브루랩,대전,0,0,일시불,0,AMEX,12000.0
1000664,2024-10-20 16:45:25,마트/편의점,편의점24,대전,0,0,일시불,0,국내전용,11000.0
1000697,2024-10-20 18:16:41,패션 / 미용,의류샵 루프,대전,0,0,일시불,0,Mastercard,13000.0
1000698,2024-10-20 20:11:42,패션 / 미용,뷰티살롱 미르,광주,0,0,일시불,0,국내전용,3000.0
1000649,2024-10-20 20:52:04,카페,커피하루,부산,1,0,일시불,0,국내전용,6000.0
1000635,2024-10-21 10:43:42,식비,한식당 미소,수원,0,0,일시불,0,Mastercard,2000.0
1000713,2024-10-21 14:17:58,보험 / 세금,국세청 납부,대전,0,0,일시불,0,Mastercard,5000.0
1000665,2024-10-22 09:16:31,마트/편의점,동네슈퍼,인천,1,0,일시불,0,AMEX,5000.0
1000636,2024-10-22 13:22:21,식비,김밥타운,울산,0,0,일시불,0,Mastercard,10000.0
1000637,2024-10-22 13:28:33,식비,분식집 가온,인천,1,0,일시불,0,AMEX,6000.0
1000702,2024-10-22 18:46:31,생활용품,생활잡화 우노,울산,1,0,일시불,0,AMEX,7000.0
1000707,2024-10-22 20:27:13,주거 / 통신,관리비 고지,인천,0,1,일시불,0,VISA,48000.0
1000638,2024-10-24 18:38:27,식비,분식집 가온,서울,0,0,일시불,0,VISA,5000.0
1000703,2024-10-25 10:28:34,생활용품,인테리어샵 라이트,대구,0,0,일시불,0,Mastercard,2000.0
1000666,2024-10-25 13:52:51,마트/편의점,마켓365,광주,0,0,일시불,0,VISA,3000.0
1000715,2024-10-26 17:23:15,기타,디지털콘텐츠,서울,0,0,일시불,0,국내전용,24000.0
1000639,2024-10-26 20:20:19,식비,치킨하우스,용인,0,0,일시불,0,VISA,15000.0
1000640,2024-10-27 13:04:20,식비,샐러드바,부산,0,0,일시불,0,VISA,1000.0
1000667,2024-10-28 10:51:45,마트/편의점,편의점24,성남,0,0,일시불,0,Mastercard,19000.0
1000704,2024-10-28 12:13:30,생활용품,생활잡화 우노,대구,0,0,일시불,0,AMEX,6000.0
1000641,2024-10-28 13:31:42,식비,분식집 가온,대전,0,0,일시불,0,Mastercard,3000.0
1000668,2024-10-28 17:24:48,마트/편의점,메가마트,성남,1,0,일시불,0,AMEX,10000.0
1000669,2024-10-28 18:31:34,마트/편의점,편의점24,울산,0,0,일시불,0,Mastercard,10000.0
1000709,2024-10-28 18:52:27,건강 / 병원,약국 그린,광주,0,0,일시불,0,VISA,45000.0
1000676,2024-10-28 20:17:28,문화생활,씨네박스,대전,0,0,일시불,0,Mastercard,15000.0
1000650,2024-10-29 17:50:45,카페,커피하루,성남,0,0,일시불,0,VISA,28000.0
1000642,2024-10-29 18:49:09,식비,면요리 전문점,용인,1,0,일시불,0,국내전용,3000.0
1000670,2024-10-29 18:51:11,마트/편의점,동네슈퍼,성남,0,0,일시불,0,VISA,5000.0
1000651,2024-10-29 19:30:36,카페,카페 포레,용인,0,0,일시불,0,Mastercard,8000.0
1000705,2024-10-30 11:22:24,생활용품,생활잡화 우노,대구,0,0,일시불,0,Mastercard,8000.0
1000677,2024-10-30 18:43:59,문화생활,책의정원,광주,1,0,일시불,0,AMEX,10000.0
1000691,2024-10-31 13:44:47,교통 / 차량,주유소 에코,부산,0,0,일시불,0,AMEX,7000.0
1000671,2024-10-31 18:47:52,마트/편의점,마켓365,인천,0,0,일시불,0,Mastercard,-2000.0
1000678,2024-10-31 19:11:14,문화생활,씨네박스,울산,1,0,일시불,0,VISA,19000.0
1000643,2024-10-31 20:13:45,식비,한식당 미소,수원,1,0,일시불,0,Mastercard,-2000.0
1000759,2024-11-01 20:39:16,교통 / 차량,주유소 에코,광주,0,0,일시불,0,국내전용,8000.0
1000716,2024-11-02 16:04:44,식비,치킨하우스,대구,0,0,일시불,0,VISA,1000.0
1000747,2024-11-02 17:42:40,마트/편의점,메가마트,서울,0,0,일시불,0,Mastercard,6000.0
1000785,2024-11-02 18:06:14,기타,디지털콘텐츠,수원,0,0,일시불,0,AMEX,10000.0
1000717,2024-11-02 18:31:41,식비,면요리 전문점,인천,0,0,일시불,0,VISA,5000.0
1000769,2024-11-02 20:21:42,생활용품,생활잡화 우노,용인,1,0,일시불,0,Mastercard,8000.0
1000748,2024-11-03 16:47:23,마트/편의점,마켓365,용인,0,0,일시불,0,Mastercard,33000.0
1000776,2024-11-04 16:19:56,건강 / 병원,의원 드림,수원,0,0,일시불,0,국내전용,4000.0
1000755,2024-11-04 17:11:04,문화생활,씨네박스,서울,0,0,일시불,0,Mastercard,36000.0
1000749,2024-11-04 19:48:31,마트/편의점,동네슈퍼,광주,0,0,일시불,0,국내전용,11000.0
1000777,2024-11-05 11:50:32,건강 / 병원,치과 스마일,수원,0,0,일시불,0,AMEX,5000.0
1000760,2024-11-05 19:45:44,교통 / 차량,대중교통 교통카드,서울,1,0,일시불,0,VISA,11000.0
1000772,2024-11-06 15:27:09,주거 / 통신,인터넷요금,서울,0,0,일시불,0,VISA,30000.0
1000780,2024-11-06 19:28:15,교육,서점 아카데미,대전,0,0,일시불,0,VISA,10000.0
1000718,2024-11-06 20:27:49,식비,샐러드바,대구,0,0,일시불,0,국내전용,7000.0
1000719,2024-11-06 21:39:32,식비,치킨하우스,부산,0,0,일시불,0,Mastercard,4000.0
1000761,2024-11-07 17:01:41,교통 / 차량,하이패스,수원,1,0,일시불,0,Mastercard,17000.0
1000766,2024-11-08 18:34:19,패션 / 미용,슈즈라운지,광주,0,0,일시불,0,Mastercard,23000.0
1000720,2024-11-08 18:48:28,식비,분식집 가온,용인,0,0,일시불,0,Mastercard,22000.0
1000770,2024-11-09 14:42:11,생활용품,리빙스토어 홈온,대구,0,0,일시불,0,AMEX,20000.0
1000771,2024-11-11 14:07:15,생활용품,인테리어샵 라이트,수원,0,0,일시불,0,Mastercard,10000.0
1000750,2024-11-11 16:36:05,마트/편의점,동네슈퍼,광주,1,0,일시불,0,AMEX,12000.0
1000721,2024-11-11 19:24:15,식비,치킨하우스,대구,0,0,일시불,0,Mastercard,15000.0
1000756,2024-11-11 20:18:56,문화생활,책의정원,울산,1,0,일시불,0,국내전용,28000.0
1000739,2024-11-11 21:37:09,카페,브루랩,수원,1,0,일시불,0,VISA,5000.0
1000740,2024-11-12 14:06:21,카페,커피하루,서울,0,0,일시불,0,Mastercard,21000.0
1000722,2024-11-12 18:00:31,식비,한식당 미소,인천,0,0,일시불,0,Mastercard,17000.0
1000782,2024-11-13 09:23:15,경조사 / 회비,동호회 회비,인천,0,0,일시불,0,AMEX,19000.0
1000723,2024-11-13 14:50:19,식비,샐러드바,광주,0,0,일시불,0,Mastercard,7000.0
1000741,2024-11-13 15:42:32,카페,카페 도로시,울산,0,0,일시불,0,국내전용,6000.0
1000724,2024-11-13 18:04:04,식비,치킨하우스,울산,1,0,일시불,0,국내전용,6000.0
1000767,2024-11-13 20:34:47,패션 / 미용,편집숍 스퀘어,서울,1,0,일시불,0,AMEX,17000.0
1000725,2024-11-14 12:13:27,식비,면요리 전문점,용인,0,0,일시불,0,국내전용,9000.0
1000768,2024-11-15 11:28:51,패션 / 미용,뷰티살롱 미르,광주,0,0,일시불,0,AMEX,12000.0
1000762,2024-11-15 15:10:31,교통 / 차량,하이패스,인천,0,0,일시불,0,국내전용,7000.0
1000726,2024-11-15 17:08:34,식비,샐러드바,대전,0,0,일시불,0,Mastercard,1000.0
1000727,2024-11-15 18:23:35,식비,샐러드바,대구,1,0,일시불,0,AMEX,7000.0
1000728,2024-11-16 14:54:34,식비,면요리 전문점,광주,1,0,일시불,0,Mastercard,6000.0
1000751,2024-11-17 10:30:05,마트/편의점,마켓365,부산,0,0,일시불,0,VISA,11000.0
1000783,2024-11-17 10:43:22,경조사 / 회비,부조금,울산,0,0,일시불,0,국내전용,20000.0
1000752,2024-11-17 15:30:44,마트/편의점,마켓365,대전,1,0,일시불,0,AMEX,19000.0
1000742,2024-11-17 19:05:25,카페,카페 도로시,용인,0,0,일시불,0,VISA,13000.0
1000729,2024-11-18 13:47:52,식비,샐러드바,수원,1,0,일시불,0,VISA,10000.0
1000763,2024-11-19 20:08:34,교통 / 차량,주차장 시티,대전,1,0,일시불,0,국내전용,9000.0
1000773,2024-11-20 17:22:57,주거 / 통신,인터넷요금,광주,0,0,일시불,0,국내전용,57000.0
1000730,2024-11-20 20:04:56,식비,면요리 전문점,대전,1,0,일시불,0,국내전용,17000.0
1000757,2024-11-21 10:13:02,문화생활,전시관 미술의집,울산,0,0,일시불,0,AMEX,21000.0
1000784,2024-11-21 11:27:56,보험 / 세금,자동차보험,울산,0,0,일시불,0,AMEX,21000.0
1000753,2024-11-21 19:47:50,마트/편의점,메가마트,대구,0,0,일시불,0,Mastercard,17000.0
1000754,2024-11-22 09:36:12,마트/편의점,동네슈퍼,대구,0,0,일시불,0,국내전용,0.0
1000731,2024-11-22 18:05:34,식비,치킨하우스,인천,0,0,일시불,0,AMEX,15000.0
1000764,2024-11-23 13:24:41,교통 / 차량,주유소 에코,용인,0,0,일시불,0,VISA,1000.0
1000774,2024-11-24 11:15:21,주거 / 통신,인터넷요금,대전,0,0,일시불,0,국내전용,29000.0
1000732,2024-11-24 19:52:11,식비,치킨하우스,서울,0,0,일시불,0,VISA,6000.0
1000743,2024-11-25 10:28:25,카페,카페 포레,서울,0,0,일시불,0,AMEX,5000.0
1000781,2024-11-25 14:41:40,교육,학원 스터디,인천,1,0,일시불,0,국내전용,24000.0
1000744,2024-11-25 15:55:38,카페,브루랩,울산,0,0,일시불,0,AMEX,19000.0
1000733,2024-11-26 12:33:59,식비,면요리 전문점,울산,0,0,일시불,0,국내전용,10000.0
1000778,2024-11-26 13:27:32,건강 / 병원,의원 드림,대전,1,0,일시불,0,국내전용,3000.0
1000745,2024-11-26 15:11:34,카페,카페 포레,인천,0,0,일시불,0,AMEX,12000.0
1000746,2024-11-26 17:24:23,카페,카페 포레,울산,0,0,일시불,0,VISA,6000.0
1000775,2024-11-26 18:26:13,주거 / 통신,관리비 고지,서울,1,0,일시불,0,국내전용,41000.0
1000765,2024-11-27 21:47:33,교통 / 차량,주유소 에코,수원,0,0,일시불,0,VISA,9000.0
1000734,2024-11-28 09:34:32,식비,치킨하우스,인천,0,0,일시불,0,국내전용,9000.0
1000779,2024-11-28 14:13:37,건강 / 병원,치과 스마일,수원,0,0,일시불,0,VISA,2000.0
1000735,2024-11-28 21:10:43,식비,한식당 미소,부산,0,0,일시불,0,VISA,11000.0
1000736,2024-11-28 21:39:22,식비,치킨하우스,대전,0,0,일시불,0,VISA,10000.0
1000758,2024-11-30 12:00:54,문화생활,공연홀 라이트,광주,0,0,일시불,0,AMEX,24000.0
1000737,2024-11-30 20:57:19,식비,분식집 가온,대전,0,0,일시불,0,Mastercard,13000.0
1000738,2024-11-30 21:38:32,식비,한식당 미소,수원,0,0,일시불,0,Mastercard,8000.0
1000863,2024-12-01 12:58:09,기타,기타결제,울산,0,0,일시불,0,Mastercard,1000.0
1000839,2024-12-01 14:14:07,교통 / 차량,주유소 에코,대전,0,0,일시불,0,Mastercard,12000.0
1000812,2024-12-01 15:42:52,카페,커피하루,인천,0,0,일시불,0,국내전용,15000.0
1000823,2024-12-01 17:14:21,마트/편의점,동네슈퍼,용인,0,0,일시불,0,VISA,2000.0
1000786,2024-12-01 20:19:53,식비,한식당 미소,대전,0,0,일시불,0,국내전용,8000.0
1000840,2024-12-02 13:08:42,교통 / 차량,주차장 시티,광주,0,0,일시불,0,Mastercard,5000.0
1000835,2024-12-02 14:18:53,문화생활,책의정원,인천,0,0,일시불,0,AMEX,12000.0
1000864,2024-12-02 14:58:34,기타,기타결제,성남,0,0,일시불,0,Mastercard,4000.0
1000813,2024-12-03 10:45:25,카페,카페 오늘,성남,0,0,일시불,0,Mastercard,20000.0
1000841,2024-12-03 10:50:21,교통 / 차량,주유소 에코,용인,0,0,일시불,0,국내전용,6000.0
1000824,2024-12-03 18:39:10,마트/편의점,메가마트,대구,0,0,일시불,0,Mastercard,8000.0
1000855,2024-12-04 10:35:26,건강 / 병원,의원 드림,서울,0,0,일시불,0,Mastercard,20000.0
1000787,2024-12-04 14:23:50,식비,김밥타운,부산,0,0,일시불,0,Mastercard,8000.0
1000788,2024-12-04 14:25:04,식비,한식당 미소,용인,0,0,일시불,0,AMEX,1000.0
1000847,2024-12-04 19:28:07,패션 / 미용,슈즈라운지,수원,0,0,일시불,0,AMEX,28000.0
1000850,2024-12-04 21:10:17,생활용품,리빙스토어 홈온,용인,1,0,일시불,0,AMEX,52000.0
1000814,2024-12-05 10:46:41,카페,커피하루,성남,0,1,일시불,0,Mastercard,13000.0
1000842,2024-12-05 11:56:19,교통 / 차량,대중교통 교통카드,서울,0,0,일시불,0,Mastercard,8000.0
1000865,2024-12-05 13:16:46,기타,디지털콘텐츠,인천,0,0,일시불,0,AMEX,7000.0
1000789,2024-12-05 14:46:56,식비,샐러드바,대전,1,0,일시불,0,AMEX,17000.0
1000790,2024-12-06 12:45:02,식비,샐러드바,인천,1,0,일시불,0,Mastercard,7000.0
1000791,2024-12-06 14:01:06,식비,김밥타운,수원,0,0,일시불,0,VISA,5000.0
1000862,2024-12-06 19:06:56,보험 / 세금,자동차보험,광주,0,0,일시불,0,VISA,26000.0
1000792,2024-12-06 21:35:06,식비,면요리 전문점,대구,0,0,일시불,0,AMEX,15000.0
1000851,2024-12-07 17:21:37,생활용품,생활잡화 우노,용인,0,0,일시불,0,국내전용,5000.0
1000793,2024-12-08 09:45:42,식비,분식집 가온,부산,0,0,일시불,0,국내전용,1000.0
1000794,2024-12-08 16:46:45,식비,샐러드바,부산,1,0,일시불,0,VISA,6000.0
1000815,2024-12-09 12:26:33,카페,카페 오늘,부산,0,0,일시불,0,국내전용,12000.0
1000795,2024-12-09 21:11:35,식비,한식당 미소,광주,1,0,일시불,0,VISA,10000.0
1000816,2024-12-09 21:32:09,카페,카페 포레,울산,0,0,일시불,0,AMEX,6000.0
1000817,2024-12-10 17:20:54,카페,브루랩,부산,1,0,일시불,0,국내전용,15000.0
1000825,2024-12-11 09:27:16,마트/편의점,편의점24,성남,0,0,일시불,0,VISA,14000.0
1000818,2024-12-11 11:10:33,카페,카페 포레,대구,0,0,일시불,0,국내전용,1000.0
1000856,2024-12-11 13:29:10,교육,학원 스터디,수원,0,0,일시불,0,AMEX,14000.0
1000836,2024-12-12 19:42:22,문화생활,책의정원,울산,1,0,일시불,0,AMEX,16000.0
1000843,2024-12-13 12:44:05,교통 / 차량,대중교통 교통카드,수원,1,0,일시불,0,VISA,3000.0
1000796,2024-12-14 19:07:53,식비,면요리 전문점,서울,0,0,일시불,0,국내전용,9000.0
1000826,2024-12-15 09:39:18,마트/편의점,동네슈퍼,광주,0,0,일시불,0,국내전용,6000.0
1000797,2024-12-15 12:37:47,식비,한식당 미소,서울,0,0,일시불,0,국내전용,11000.0
1000827,2024-12-15 18:18:19,마트/편의점,그로서리스팟,광주,0,0,일시불,0,Mastercard,5000.0
1000798,2024-12-15 18:27:48,식비,샐러드바,대구,0,0,일시불,0,AMEX,5000.0
1000857,2024-12-16 12:28:27,교육,서점 아카데미,용인,0,0,일시불,0,국내전용,11000.0
1000799,2024-12-16 13:15:54,식비,한식당 미소,수원,0,0,일시불,0,VISA,1000.0
1000800,2024-12-17 12:55:24,식비,한식당 미소,대구,0,0,일시불,0,VISA,5000.0
1000837,2024-12-17 14:00:13,문화생활,씨네박스,인천,1,0,일시불,0,VISA,17000.0
1000801,2024-12-17 20:38:01,식비,면요리 전문점,대전,0,0,일시불,0,Mastercard,4000.0
1000844,2024-12-18 15:26:30,교통 / 차량,주차장 시티,성남,0,0,일시불,0,Mastercard,8000.0
1000860,2024-12-18 18:16:18,경조사 / 회비,동호회 회비,울산,0,0,일시불,0,VISA,12000.0
1000819,2024-12-19 14:14:26,카페,카페 오늘,울산,0,0,일시불,0,VISA,7000.0
1000838,2024-12-19 16:04:30,문화생활,공연홀 라이트,부산,0,0,일시불,0,AMEX,19000.0
1000802,2024-12-19 17:47:53,식비,치킨하우스,대구,0,0,일시불,0,국내전용,13000.0
1000828,2024-12-19 18:48:11,마트/편의점,마켓365,부산,0,0,일시불,0,VISA,6000.0
1000853,2024-12-20 10:47:28,주거 / 통신,관리비 고지,광주,1,0,할부,3,Mastercard,68000.0
1000829,2024-12-20 20:16:36,마트/편의점,메가마트,부산,0,0,일시불,0,AMEX,9000.0
1000820,2024-12-21 11:04:20,카페,카페 오늘,대구,0,0,일시불,0,국내전용,5000.0
1000830,2024-12-21 14:25:44,마트/편의점,메가마트,대구,0,0,일시불,0,Mastercard,5000.0
1000821,2024-12-21 14:56:47,카페,카페 도로시,울산,0,0,일시불,0,Mastercard,1000.0
1000831,2024-12-21 20:59:04,마트/편의점,마켓365,성남,0,0,일시불,0,VISA,16000.0
1000845,2024-12-22 11:40:55,교통 / 차량,대중교통 교통카드,광주,0,0,일시불,0,국내전용,7000.0
1000803,2024-12-24 10:24:12,식비,치킨하우스,대전,0,0,일시불,0,VISA,7000.0
1000804,2024-12-24 13:00:04,식비,면요리 전문점,광주,0,0,일시불,0,국내전용,6000.0
1000805,2024-12-25 09:09:35,식비,김밥타운,광주,0,0,일시불,0,Mastercard,8000.0
1000806,2024-12-25 09:52:27,식비,샐러드바,대전,0,0,일시불,0,VISA,33000.0
1000807,2024-12-25 10:23:35,식비,김밥타운,광주,1,0,일시불,0,AMEX,3000.0
1000808,2024-12-25 11:15:10,식비,샐러드바,울산,0,0,일시불,0,VISA,13000.0
1000861,2024-12-25 11:26:35,경조사 / 회비,동호회 회비,서울,0,0,일시불,0,Mastercard,13000.0
1000809,2024-12-25 13:42:30,식비,김밥타운,서울,0,0,일시불,0,Mastercard,14000.0
1000810,2024-12-26 12:16:30,식비,한식당 미소,용인,0,0,일시불,0,국내전용,10000.0
1000858,2024-12-26 18:49:06,교육,온라인강의몰,부산,0,0,일시불,0,VISA,21000.0
1000848,2024-12-26 21:39:43,패션 / 미용,편집숍 스퀘어,성남,0,0,일시불,0,Mastercard,21000.0
1000854,2024-12-27 11:23:35,주거 / 통신,가스요금,대구,1,0,할부,5,VISA,131000.0
1000832,2024-12-28 11:37:44,마트/편의점,메가마트,성남,0,0,일시불,0,AMEX,6000.0
1000849,2024-12-28 16:22:10,패션 / 미용,편집숍 스퀘어,대구,0,0,일시불,0,VISA,17000.0
1000811,2024-12-28 18:41:53,식비,김밥타운,성남,0,0,일시불,0,VISA,23000.0
1000833,2024-12-28 19:10:00,마트/편의점,마켓365,대구,1,0,일시불,0,국내전용,9000.0
1000859,2024-12-29 15:26:20,교육,온라인강의몰,서울,0,0,일시불,0,국내전용,9000.0
1000822,2024-12-29 16:57:58,카페,카페 도로시,서울,0,0,일시불,0,Mastercard,31000.0
1000852,2024-12-29 20:37:24,생활용품,생활잡화 우노,인천,1,0,일시불,0,AMEX,9000.0
1000846,2024-12-30 21:15:22,교통 / 차량,하이패스,인천,0,0,일시불,0,국내전용,13000.0
1000834,2024-12-31 13:11:26,마트/편의점,그로서리스팟,광주,0,0,일시불,0,국내전용,10000.0
1000866,2025-01-01 10:16:14,식비,김밥타운,인천,0,0,일시불,0,VISA,6000.0
1000867,2025-01-01 10:54:31,식비,김밥타운,대전,0,0,일시불,0,VISA,18000.0
1000883,2025-01-02 10:21:51,카페,브루랩,서울,0,0,일시불,0,VISA,7000.0
1000937,2025-01-02 13:05:18,건강 / 병원,치과 스마일,서울,0,0,일시불,0,국내전용,39000.0
1000919,2025-01-02 13:40:01,교통 / 차량,대중교통 교통카드,대전,0,0,일시불,0,Mastercard,9000.0
1000929,2025-01-02 15:20:18,패션 / 미용,편집숍 스퀘어,울산,0,0,일시불,0,VISA,35000.0
1000935,2025-01-03 18:03:11,주거 / 통신,가스요금,성남,0,0,일시불,0,Mastercard,67000.0
1000914,2025-01-04 11:16:32,문화생활,공연홀 라이트,대구,0,0,일시불,0,AMEX,12000.0
1000868,2025-01-04 11:43:14,식비,한식당 미소,대구,1,0,일시불,0,Mastercard,21000.0
1000920,2025-01-04 13:38:23,교통 / 차량,하이패스,수원,0,0,일시불,0,AMEX,3000.0
1000869,2025-01-04 20:11:21,식비,치킨하우스,대전,1,0,일시불,0,AMEX,4000.0
1000870,2025-01-05 21:54:16,식비,샐러드바,대구,0,0,일시불,0,AMEX,18000.0
1000884,2025-01-06 09:01:00,카페,카페 도로시,울산,0,0,일시불,0,VISA,1000.0
1000896,2025-01-06 11:18:06,마트/편의점,마켓365,울산,0,0,일시불,0,VISA,8000.0
1000936,2025-01-06 16:25:39,주거 / 통신,전기요금,부산,0,0,일시불,0,VISA,69000.0
1000871,2025-01-06 19:01:54,식비,한식당 미소,성남,1,0,일시불,0,AMEX,14000.0
1000930,2025-01-06 21:51:11,패션 / 미용,의류샵 루프,대전,0,0,할부,6,국내전용,19000.0
1000872,2025-01-07 20:14:22,식비,치킨하우스,인천,1,0,일시불,0,국내전용,25000.0
1000931,2025-01-08 10:51:16,생활용품,리빙스토어 홈온,부산,0,0,일시불,0,VISA,22000.0
1000921,2025-01-09 11:24:03,교통 / 차량,대중교통 교통카드,광주,0,0,일시불,0,Mastercard,1000.0
1000873,2025-01-09 11:59:12,식비,치킨하우스,성남,0,0,일시불,0,국내전용,15000.0
1000943,2025-01-09 16:21:45,기타,앱구매,인천,1,0,일시불,0,국내전용,9000.0
1000915,2025-01-09 20:41:29,문화생활,전시관 미술의집,성남,1,0,일시불,0,AMEX,2000.0
1000942,2025-01-10 21:21:18,보험 / 세금,국세청 납부,대전,0,0,일시불,0,국내전용,27000.0
1000897,2025-01-11 09:40:50,마트/편의점,그로서리스팟,대구,0,0,일시불,0,Mastercard,1000.0
1000885,2025-01-11 14:20:23,카페,카페 오늘,울산,0,0,일시불,0,VISA,15000.0
1000898,2025-01-12 15:32:40,마트/편의점,동네슈퍼,인천,1,0,일시불,0,Mastercard,4000.0
1000886,2025-01-12 17:51:49,카페,카페 도로시,인천,1,0,일시불,0,Mastercard,1000.0
1000874,2025-01-12 18:41:47,식비,한식당 미소,성남,1,0,일시불,0,Mastercard,3000.0
1000887,2025-01-13 10:36:24,카페,카페 도로시,수원,1,0,일시불,0,AMEX,3000.0
1000888,2025-01-13 11:24:40,카페,커피하루,성남,1,0,일시불,0,AMEX,1000.0
1000899,2025-01-13 12:07:21,마트/편의점,편의점24,대구,1,0,일시불,0,AMEX,2000.0
1000916,2025-01-14 17:17:29,문화생활,전시관 미술의집,성남,1,0,일시불,0,국내전용,12000.0
1000938,2025-01-15 16:07:05,건강 / 병원,한의원 다온,대전,0,0,일시불,0,Mastercard,35000.0
1000900,2025-01-15 18:46:38,마트/편의점,동네슈퍼,서울,0,0,일시불,0,Mastercard,6000.0
1000901,2025-01-15 20:47:28,마트/편의점,편의점24,울산,1,0,일시불,0,Mastercard,6000.0
1000922,2025-01-16 18:17:12,교통 / 차량,주차장 시티,광주,0,0,일시불,0,Mastercard,8000.0
1000902,2025-01-16 18:21:56,마트/편의점,마켓365,수원,0,0,일시불,0,AMEX,2000.0
1000889,2025-01-16 18:25:34,카페,브루랩,광주,0,0,일시불,0,Mastercard,7000.0
1000875,2025-01-17 09:16:59,식비,한식당 미소,대전,0,0,일시불,0,VISA,4000.0
1000903,2025-01-17 13:15:51,마트/편의점,그로서리스팟,울산,0,1,일시불,0,국내전용,4000.0
1000932,2025-01-17 13:53:00,생활용품,인테리어샵 라이트,부산,0,0,일시불,0,VISA,14000.0
1000923,2025-01-17 17:28:06,교통 / 차량,주유소 에코,대구,0,0,일시불,0,AMEX,12000.0
1000933,2025-01-17 19:16:16,생활용품,생활잡화 우노,서울,1,0,일시불,0,AMEX,5000.0
1000924,2025-01-17 21:25:34,교통 / 차량,하이패스,용인,0,0,일시불,0,국내전용,8000.0
1000890,2025-01-18 12:29:36,카페,카페 오늘,부산,0,0,일시불,0,VISA,5000.0
1000944,2025-01-18 18:31:49,기타,디지털콘텐츠,서울,0,0,일시불,0,VISA,19000.0
1000904,2025-01-18 20:44:59,마트/편의점,그로서리스팟,대구,0,0,일시불,0,Mastercard,9000.0
1000891,2025-01-19 18:38:51,카페,카페 도로시,대구,0,0,일시불,0,Mastercard,2000.0
1000876,2025-01-20 12:27:43,식비,분식집 가온,성남,0,0,일시불,0,국내전용,14000.0
1000917,2025-01-20 16:28:34,문화생활,공연홀 라이트,인천,0,0,일시불,0,AMEX,13000.0
1000905,2025-01-20 16:45:47,마트/편의점,메가마트,인천,1,0,일시불,0,국내전용,5000.0
1000892,2025-01-21 09:54:03,카페,커피하루,울산,0,0,일시불,0,국내전용,7000.0
1000877,2025-01-22 10:02:00,식비,한식당 미소,대구,1,1,일시불,0,VISA,20000.0
1000939,2025-01-22 10:47:17,교육,학원 스터디,대구,0,0,일시불,0,국내전용,38000.0
1000906,2025-01-22 12:14:42,마트/편의점,마켓365,수원,0,0,일시불,0,VISA,2000.0
1000907,2025-01-22 14:57:39,마트/편의점,그로서리스팟,인천,0,0,일시불,0,AMEX,8000.0
1000908,2025-01-22 19:50:18,마트/편의점,메가마트,광주,0,0,일시불,0,VISA,18000.0
1000893,2025-01-23 09:52:37,카페,브루랩,대전,0,0,일시불,0,AMEX,4000.0
1000878,2025-01-23 11:02:49,식비,한식당 미소,수원,1,0,일시불,0,국내전용,5000.0
1000909,2025-01-23 19:18:12,마트/편의점,동네슈퍼,용인,0,0,일시불,0,VISA,9000.0
1000910,2025-01-24 10:34:25,마트/편의점,그로서리스팟,용인,0,0,일시불,0,VISA,3000.0
1000911,2025-01-24 11:35:27,마트/편의점,메가마트,용인,0,0,일시불,0,Mastercard,1000.0
1000925,2025-01-24 17:01:48,교통 / 차량,대중교통 교통카드,인천,0,0,일시불,0,국내전용,18000.0
1000926,2025-01-25 10:14:31,교통 / 차량,대중교통 교통카드,성남,0,0,일시불,0,국내전용,9000.0
1000927,2025-01-25 19:07:45,교통 / 차량,대중교통 교통카드,부산,0,0,일시불,0,VISA,3000.0
1000912,2025-01-26 09:37:37,마트/편의점,그로서리스팟,광주,0,0,일시불,0,국내전용,4000.0
1000928,2025-01-26 20:55:37,교통 / 차량,주차장 시티,수원,0,0,일시불,0,AMEX,8000.0
1000941,2025-01-26 21:08:19,경조사 / 회비,경조금 이체,대구,0,0,일시불,0,VISA,24000.0
1000934,2025-01-27 15:41:51,생활용품,인테리어샵 라이트,성남,0,0,일시불,0,VISA,15000.0
1000894,2025-01-28 15:17:48,카페,카페 도로시,서울,0,0,일시불,0,AMEX,4000.0
1000918,2025-01-29 11:13:10,문화생활,책의정원,부산,0,0,일시불,0,Mastercard,7000.0
1000879,2025-01-29 16:36:01,식비,샐러드바,용인,0,0,일시불,0,Mastercard,4000.0
1000895,2025-01-30 11:52:12,카페,카페 도로시,성남,0,0,일시불,0,국내전용,8000.0
1000940,2025-01-30 13:25:13,교육,온라인강의몰,대전,0,0,일시불,0,국내전용,19000.0
1000880,2025-01-30 14:05:54,식비,치킨하우스,수원,0,0,일시불,0,AMEX,13000.0
1000913,2025-01-30 14:21:54,마트/편의점,편의점24,인천,0,0,일시불,0,VISA,10000.0
1000881,2025-01-30 19:05:36,식비,치킨하우스,서울,0,0,일시불,0,Mastercard,12000.0
1000882,2025-01-31 19:07:04,식비,분식집 가온,울산,0,0,일시불,0,AMEX,51000.0
1001020,2025-02-01 09:03:06,주거 / 통신,관리비 고지,용인,0,0,일시불,0,VISA,174000.0
1001010,2025-02-01 13:22:04,패션 / 미용,슈즈라운지,대전,0,0,일시불,0,VISA,24000.0
1001014,2025-02-01 17:26:51,생활용품,생활잡화 우노,광주,0,0,일시불,0,AMEX,3000.0
1000968,2025-02-01 20:21:30,카페,커피하루,수원,0,0,일시불,0,Mastercard,1000.0
1000969,2025-02-02 11:59:37,카페,카페 포레,성남,0,1,일시불,0,Mastercard,1000.0
1000977,2025-02-02 20:10:43,마트/편의점,그로서리스팟,성남,0,0,일시불,0,Mastercard,3000.0
1000978,2025-02-03 16:04:25,마트/편의점,동네슈퍼,인천,0,0,일시불,0,VISA,8000.0
1001021,2025-02-03 16:18:51,건강 / 병원,의원 드림,광주,1,0,일시불,0,AMEX,28000.0
1000945,2025-02-03 17:47:12,식비,김밥타운,대전,1,0,일시불,0,Mastercard,15000.0
1000946,2025-02-03 17:52:10,식비,면요리 전문점,용인,1,0,일시불,0,VISA,1000.0
1001000,2025-02-04 13:55:49,교통 / 차량,주유소 에코,대구,0,0,일시불,0,국내전용,9000.0
1000994,2025-02-04 14:30:24,문화생활,씨네박스,인천,0,0,일시불,0,Mastercard,13000.0
1000995,2025-02-05 17:53:41,문화생활,책의정원,대구,0,0,일시불,0,AMEX,3000.0
1001026,2025-02-05 18:13:27,보험 / 세금,지방세 납부,서울,0,0,일시불,0,VISA,26000.0
1000947,2025-02-06 09:30:29,식비,샐러드바,인천,0,0,일시불,0,Mastercard,5000.0
1000979,2025-02-06 13:13:59,마트/편의점,편의점24,서울,1,0,일시불,0,AMEX,10000.0
1000948,2025-02-06 19:27:14,식비,면요리 전문점,수원,0,0,일시불,0,국내전용,25000.0
1000970,2025-02-07 14:31:38,카페,브루랩,울산,1,0,일시불,0,국내전용,17000.0
1000971,2025-02-07 19:48:30,카페,브루랩,용인,0,0,일시불,0,국내전용,6000.0
1000949,2025-02-08 13:23:09,식비,김밥타운,대구,1,0,일시불,0,AMEX,5000.0
1000950,2025-02-08 17:22:22,식비,샐러드바,수원,0,0,일시불,0,VISA,17000.0
1000980,2025-02-08 18:42:48,마트/편의점,그로서리스팟,수원,1,0,일시불,0,국내전용,4000.0
1000996,2025-02-08 20:01:18,문화생활,전시관 미술의집,광주,1,0,일시불,0,Mastercard,14000.0
1001001,2025-02-08 21:45:16,교통 / 차량,대중교통 교통카드,용인,0,0,일시불,0,Mastercard,3000.0
1001015,2025-02-09 11:47:37,생활용품,리빙스토어 홈온,울산,0,0,일시불,0,국내전용,8000.0
1001011,2025-02-09 14:53:53,패션 / 미용,슈즈라운지,광주,1,0,일시불,0,VISA,41000.0
1001016,2025-02-10 09:53:20,생활용품,생활잡화 우노,서울,0,0,일시불,0,AMEX,11000.0
1000951,2025-02-10 14:29:54,식비,치킨하우스,대전,0,0,일시불,0,VISA,4000.0
1000952,2025-02-11 13:54:05,식비,치킨하우스,광주,0,0,일시불,0,국내전용,12000.0
1000981,2025-02-12 11:45:27,마트/편의점,그로서리스팟,울산,0,0,일시불,0,Mastercard,7000.0
1001012,2025-02-12 18:25:00,패션 / 미용,뷰티살롱 미르,성남,0,0,일시불,0,국내전용,26000.0
1000997,2025-02-12 21:23:10,문화생활,전시관 미술의집,대구,0,0,일시불,0,VISA,8000.0
1001017,2025-02-13 12:40:25,생활용품,생활잡화 우노,용인,0,0,일시불,0,Mastercard,13000.0
1000953,2025-02-13 13:06:26,식비,분식집 가온,수원,0,0,일시불,0,국내전용,7000.0
1000998,2025-02-13 17:58:49,문화생활,책의정원,인천,0,0,일시불,0,VISA,10000.0
1001002,2025-02-13 21:44:23,교통 / 차량,주유소 에코,울산,0,0,일시불,0,AMEX,13000.0
1000972,2025-02-13 21:50:46,카페,커피하루,울산,0,0,일시불,0,VISA,3000.0
1000973,2025-02-14 17:53:18,카페,커피하루,용인,1,0,일시불,0,국내전용,5000.0
1001018,2025-02-14 18:28:28,생활용품,리빙스토어 홈온,인천,0,0,일시불,0,국내전용,5000.0
1000954,2025-02-15 09:02:19,식비,분식집 가온,부산,0,1,일시불,0,Mastercard,6000.0
1000955,2025-02-15 13:25:06,식비,치킨하우스,수원,0,0,일시불,0,국내전용,4000.0
1000982,2025-02-15 20:00:28,마트/편의점,마켓365,광주,0,0,일시불,0,VISA,11000.0
1001023,2025-02-15 20:55:24,교육,온라인강의몰,대전,1,0,일시불,0,VISA,25000.0
1000983,2025-02-17 12:28:55,마트/편의점,편의점24,서울,0,0,일시불,0,국내전용,8000.0
1000956,2025-02-17 12:44:32,식비,치킨하우스,울산,1,0,일시불,0,AMEX,11000.0
1000957,2025-02-17 13:47:52,식비,김밥타운,용인,0,0,일시불,0,Mastercard,8000.0
1000984,2025-02-18 13:05:18,마트/편의점,그로서리스팟,대전,0,0,일시불,0,AMEX,5000.0
1001003,2025-02-18 20:02:37,교통 / 차량,주차장 시티,인천,0,0,일시불,0,국내전용,7000.0
1001024,2025-02-19 10:21:55,교육,서점 아카데미,수원,1,0,일시불,0,Mastercard,20000.0
1000958,2025-02-20 12:06:43,식비,김밥타운,부산,1,0,일시불,0,AMEX,5000.0
1000985,2025-02-20 16:07:28,마트/편의점,편의점24,부산,1,0,일시불,0,Mastercard,22000.0
1000986,2025-02-20 18:38:35,마트/편의점,마켓365,대전,0,0,일시불,0,AMEX,2000.0
1000959,2025-02-21 09:35:24,식비,한식당 미소,대구,1,0,일시불,0,VISA,8000.0
1000999,2025-02-21 14:36:18,문화생활,책의정원,용인,0,0,일시불,0,국내전용,5000.0
1000987,2025-02-21 19:05:10,마트/편의점,그로서리스팟,대구,0,0,일시불,0,국내전용,3000.0
1000988,2025-02-21 21:12:42,마트/편의점,편의점24,용인,0,0,일시불,0,VISA,1000.0
1000960,2025-02-22 20:22:19,식비,샐러드바,광주,0,0,일시불,0,VISA,13000.0
1000989,2025-02-23 11:03:21,마트/편의점,그로서리스팟,대구,1,0,일시불,0,AMEX,7000.0
1000961,2025-02-23 13:45:11,식비,면요리 전문점,성남,0,0,일시불,0,국내전용,5000.0
1000974,2025-02-23 14:03:53,카페,커피하루,서울,0,0,일시불,0,VISA,6000.0
1000990,2025-02-23 14:32:11,마트/편의점,마켓365,인천,0,0,일시불,0,국내전용,1000.0
1000975,2025-02-23 14:52:45,카페,카페 포레,울산,0,0,일시불,0,VISA,28000.0
1000991,2025-02-23 16:32:14,마트/편의점,마켓365,부산,0,0,일시불,0,국내전용,2000.0
1000962,2025-02-23 18:42:13,식비,샐러드바,광주,0,0,일시불,0,AMEX,7000.0
1001025,2025-02-23 20:09:53,경조사 / 회비,부조금,대구,0,0,일시불,0,Mastercard,29000.0
1000992,2025-02-24 09:18:13,마트/편의점,그로서리스팟,인천,0,0,일시불,0,AMEX,4000.0
1001004,2025-02-24 14:05:25,교통 / 차량,하이패스,부산,0,0,일시불,0,Mastercard,5000.0
1000963,2025-02-24 18:46:59,식비,분식집 가온,울산,0,0,일시불,0,VISA,3000.0
1001019,2025-02-24 18:49:52,생활용품,리빙스토어 홈온,광주,0,0,일시불,0,VISA,7000.0
1001005,2025-02-24 20:59:40,교통 / 차량,하이패스,서울,1,0,일시불,0,국내전용,13000.0
1001027,2025-02-24 21:38:47,기타,기타결제,부산,0,0,일시불,0,국내전용,10000.0
1000993,2025-02-25 09:53:04,마트/편의점,그로서리스팟,부산,1,0,일시불,0,VISA,17000.0
1000964,2025-02-25 15:59:57,식비,한식당 미소,대구,0,0,일시불,0,국내전용,8000.0
1001006,2025-02-25 19:31:19,교통 / 차량,대중교통 교통카드,부산,1,0,일시불,0,국내전용,14000.0
1001007,2025-02-25 20:00:29,교통 / 차량,대중교통 교통카드,대구,1,0,일시불,0,VISA,14000.0
1000965,2025-02-26 12:59:18,식비,치킨하우스,서울,0,0,일시불,0,VISA,5000.0
1000976,2025-02-26 16:22:33,카페,브루랩,서울,0,0,일시불,0,VISA,9000.0
1000966,2025-02-26 17:12:36,식비,한식당 미소,인천,0,0,일시불,0,AMEX,10000.0
1000967,2025-02-26 21:03:34,식비,김밥타운,성남,0,0,일시불,0,국내전용,15000.0
1001013,2025-02-27 15:06:18,패션 / 미용,편집숍 스퀘어,용인,0,0,일시불,0,Mastercard,14000.0
1001008,2025-02-28 13:28:16,교통 / 차량,하이패스,인천,0,0,일시불,0,AMEX,20000.0
1001009,2025-02-28 13:30:04,교통 / 차량,주유소 에코,성남,0,0,일시불,0,VISA,9000.0
1001022,2025-02-28 21:27:40,건강 / 병원,치과 스마일,서울,0,0,일시불,0,Mastercard,16000.0
1001028,2025-03-01 13:02:12,식비,치킨하우스,광주,0,0,일시불,0,Mastercard,18000.0
1001029,2025-03-01 17:22:28,식비,분식집 가온,부산,1,0,일시불,0,VISA,4000.0
1001055,2025-03-02 14:08:35,마트/편의점,동네슈퍼,울산,0,0,일시불,0,Mastercard,11000.0
1001030,2025-03-02 15:13:54,식비,치킨하우스,울산,0,0,일시불,0,국내전용,17000.0
1001031,2025-03-02 15:39:01,식비,샐러드바,용인,0,0,일시불,0,VISA,9000.0
1001056,2025-03-02 18:29:51,마트/편의점,동네슈퍼,대전,0,0,일시불,0,Mastercard,6000.0
1001087,2025-03-03 18:22:57,건강 / 병원,치과 스마일,성남,1,0,일시불,0,Mastercard,3000.0
1001088,2025-03-04 09:11:13,건강 / 병원,치과 스마일,울산,0,0,일시불,0,국내전용,16000.0
1001082,2025-03-05 10:50:30,생활용품,리빙스토어 홈온,용인,0,0,일시불,0,AMEX,5000.0
1001032,2025-03-05 10:54:48,식비,한식당 미소,대전,1,0,일시불,0,국내전용,11000.0
1001070,2025-03-06 16:24:55,문화생활,공연홀 라이트,울산,1,0,일시불,0,국내전용,8000.0
1001033,2025-03-06 17:48:35,식비,면요리 전문점,수원,0,0,일시불,0,Mastercard,11000.0
1001044,2025-03-06 17:56:01,카페,카페 도로시,광주,0,0,일시불,0,국내전용,3000.0
1001034,2025-03-06 18:29:36,식비,면요리 전문점,서울,0,0,일시불,0,국내전용,15000.0
1001045,2025-03-06 21:21:18,카페,카페 포레,대구,0,0,일시불,0,국내전용,1000.0
1001057,2025-03-07 16:53:42,마트/편의점,메가마트,울산,0,0,일시불,0,국내전용,14000.0
1001098,2025-03-07 18:11:09,기타,앱구매,용인,0,0,일시불,0,VISA,17000.0
1001079,2025-03-08 15:20:47,패션 / 미용,의류샵 루프,광주,0,0,일시불,0,Mastercard,3000.0
1001080,2025-03-09 20:04:18,패션 / 미용,슈즈라운지,서울,1,0,일시불,0,AMEX,6000.0
1001083,2025-03-09 21:00:33,생활용품,생활잡화 우노,대전,1,0,일시불,0,AMEX,15000.0
1001089,2025-03-10 12:11:24,건강 / 병원,한의원 다온,용인,0,1,일시불,0,국내전용,2000.0
1001073,2025-03-11 10:19:30,교통 / 차량,하이패스,대구,0,0,일시불,0,VISA,18000.0
1001071,2025-03-11 12:27:58,문화생활,전시관 미술의집,대구,1,0,일시불,0,VISA,11000.0
1001092,2025-03-11 12:48:23,교육,온라인강의몰,수원,0,0,일시불,0,Mastercard,10000.0
1001035,2025-03-11 16:43:40,식비,한식당 미소,성남,0,0,일시불,0,AMEX,14000.0
1001046,2025-03-11 21:40:36,카페,브루랩,서울,0,0,일시불,0,VISA,2000.0
1001058,2025-03-12 13:12:36,마트/편의점,메가마트,용인,1,0,일시불,0,VISA,7000.0
1001036,2025-03-12 16:03:24,식비,치킨하우스,울산,1,0,일시불,0,VISA,15000.0
1001059,2025-03-12 16:14:34,마트/편의점,편의점24,성남,0,0,일시불,0,VISA,7000.0
1001093,2025-03-12 16:32:31,교육,학원 스터디,서울,0,0,일시불,0,AMEX,3000.0
1001074,2025-03-12 20:49:33,교통 / 차량,하이패스,수원,0,0,일시불,0,국내전용,12000.0
1001060,2025-03-13 15:42:33,마트/편의점,편의점24,수원,1,0,일시불,0,Mastercard,9000.0
1001090,2025-03-14 11:06:19,건강 / 병원,치과 스마일,대전,0,0,일시불,0,AMEX,3000.0
1001095,2025-03-14 18:06:47,경조사 / 회비,부조금,대전,1,0,일시불,0,국내전용,18000.0
1001094,2025-03-14 18:08:12,교육,학원 스터디,인천,0,0,일시불,0,AMEX,19000.0
1001047,2025-03-15 14:18:58,카페,카페 도로시,성남,0,0,일시불,0,AMEX,20000.0
1001061,2025-03-15 14:27:18,마트/편의점,편의점24,울산,0,0,일시불,0,VISA,3000.0
1001037,2025-03-15 15:08:09,식비,면요리 전문점,부산,0,0,일시불,0,Mastercard,31000.0
1001038,2025-03-16 12:48:54,식비,샐러드바,용인,0,0,일시불,0,VISA,20000.0
1001075,2025-03-16 20:02:06,교통 / 차량,주유소 에코,부산,1,0,일시불,0,VISA,12000.0
1001091,2025-03-17 16:18:56,건강 / 병원,약국 그린,용인,0,0,일시불,0,AMEX,7000.0
1001048,2025-03-17 19:35:35,카페,카페 오늘,부산,1,0,일시불,0,Mastercard,1000.0
1001039,2025-03-18 12:39:31,식비,샐러드바,대구,0,0,일시불,0,AMEX,11000.0
1001062,2025-03-19 17:13:33,마트/편의점,동네슈퍼,광주,0,0,일시불,0,국내전용,7000.0
1001084,2025-03-19 20:27:05,생활용품,리빙스토어 홈온,부산,0,0,일시불,0,VISA,31000.0
1001085,2025-03-21 12:51:17,생활용품,생활잡화 우노,서울,0,0,일시불,0,Mastercard,16000.0
1001086,2025-03-21 15:20:07,주거 / 통신,통신요금,성남,0,0,할부,6,국내전용,152000.0
1001063,2025-03-21 17:22:57,마트/편의점,동네슈퍼,대전,0,0,일시불,0,Mastercard,10000.0
1001049,2025-03-21 18:56:49,카페,브루랩,부산,0,0,일시불,0,VISA,13000.0
1001040,2025-03-21 20:20:55,식비,한식당 미소,광주,1,0,일시불,0,VISA,28000.0
1001064,2025-03-22 12:01:55,마트/편의점,편의점24,광주,0,1,일시불,0,Mastercard,3000.0
1001041,2025-03-22 15:34:51,식비,샐러드바,대전,0,0,일시불,0,VISA,8000.0
1001081,2025-03-22 17:46:03,패션 / 미용,슈즈라운지,울산,0,0,할부,4,Mastercard,38000.0
1001065,2025-03-23 11:21:27,마트/편의점,그로서리스팟,인천,1,0,일시불,0,Mastercard,11000.0
1001096,2025-03-24 10:13:27,경조사 / 회비,부조금,수원,0,0,일시불,0,AMEX,29000.0
1001097,2025-03-25 13:00:31,보험 / 세금,국세청 납부,대전,0,0,할부,4,AMEX,16000.0
1001072,2025-03-25 17:05:16,문화생활,책의정원,울산,0,0,일시불,0,VISA,14000.0
1001066,2025-03-25 21:46:32,마트/편의점,마켓365,대전,1,0,일시불,0,AMEX,11000.0
1001042,2025-03-26 12:05:07,식비,김밥타운,광주,0,0,일시불,0,국내전용,1000.0
1001050,2025-03-26 19:56:27,카페,카페 도로시,인천,0,0,일시불,0,AMEX,2000.0
1001076,2025-03-27 15:27:43,교통 / 차량,주차장 시티,인천,0,0,일시불,0,국내전용,33000.0
1001067,2025-03-28 11:10:58,마트/편의점,메가마트,울산,0,0,일시불,0,국내전용,11000.0
1001068,2025-03-28 16:00:21,마트/편의점,편의점24,용인,0,0,일시불,0,AMEX,7000.0
1001051,2025-03-28 17:49:40,카페,카페 포레,용인,0,0,일시불,0,AMEX,5000.0
1001043,2025-03-29 13:38:39,식비,샐러드바,인천,0,0,일시불,0,국내전용,-5000.0
1001052,2025-03-30 10:05:09,카페,카페 도로시,대전,0,0,일시불,0,VISA,13000.0
1001069,2025-03-30 10:48:36,마트/편의점,그로서리스팟,수원,0,0,일시불,0,VISA,15000.0
1001053,2025-03-31 12:37:06,카페,카페 도로시,대전,0,0,일시불,0,AMEX,4000.0
1001077,2025-03-31 13:01:27,교통 / 차량,주유소 에코,대전,0,0,일시불,0,국내전용,4000.0
1001054,2025-03-31 15:58:24,카페,카페 포레,대구,0,0,일시불,0,AMEX,6000.0
1001078,2025-03-31 18:40:31,교통 / 차량,주유소 에코,용인,0,0,일시불,0,국내전용,30000.0
1001113,2025-04-01 14:25:34,카페,카페 오늘,울산,0,0,일시불,0,Mastercard,1000.0
1001114,2025-04-01 14:56:51,카페,카페 포레,대전,1,0,일시불,0,국내전용,13000.0
1001099,2025-04-02 09:35:38,식비,김밥타운,울산,1,0,일시불,0,VISA,14000.0
1001139,2025-04-02 19:11:14,교통 / 차량,주차장 시티,용인,0,0,일시불,0,국내전용,2000.0
1001100,2025-04-02 19:14:55,식비,샐러드바,수원,0,0,일시불,0,국내전용,9000.0
1001101,2025-04-03 12:51:46,식비,분식집 가온,대구,0,0,일시불,0,국내전용,15000.0
1001123,2025-04-03 17:16:59,마트/편의점,편의점24,서울,0,0,일시불,0,AMEX,11000.0
1001134,2025-04-04 15:54:45,문화생활,전시관 미술의집,대전,1,0,일시불,0,VISA,5000.0
1001171,2025-04-05 09:41:14,경조사 / 회비,부조금,광주,0,0,일시불,0,AMEX,50000.0
1001124,2025-04-05 13:49:14,마트/편의점,동네슈퍼,울산,0,0,일시불,0,국내전용,6000.0
1001172,2025-04-06 09:46:34,보험 / 세금,자동차보험,대구,0,0,일시불,0,Mastercard,38000.0
1001125,2025-04-06 16:52:53,마트/편의점,편의점24,대구,0,0,일시불,0,Mastercard,15000.0
1001126,2025-04-07 16:52:50,마트/편의점,메가마트,대전,0,0,일시불,0,국내전용,12000.0
1001135,2025-04-07 19:33:13,문화생활,전시관 미술의집,용인,0,0,일시불,0,Mastercard,4000.0
1001154,2025-04-08 10:38:46,패션 / 미용,뷰티살롱 미르,성남,0,0,일시불,0,Mastercard,14000.0
1001155,2025-04-08 16:07:26,패션 / 미용,슈즈라운지,서울,0,0,일시불,0,VISA,35000.0
1001115,2025-04-08 17:24:49,카페,카페 도로시,광주,1,0,일시불,0,Mastercard,5000.0
1001102,2025-04-10 09:12:49,식비,김밥타운,서울,0,0,일시불,0,AMEX,12000.0
1001127,2025-04-10 14:12:45,마트/편의점,마켓365,부산,0,0,일시불,0,Mastercard,12000.0
1001116,2025-04-11 10:20:38,카페,카페 도로시,부산,0,0,일시불,0,AMEX,3000.0
1001136,2025-04-11 16:47:46,문화생활,씨네박스,수원,0,1,일시불,0,VISA,5000.0
1001128,2025-04-11 17:17:53,마트/편의점,마켓365,서울,0,0,일시불,0,Mastercard,17000.0
1001129,2025-04-11 20:16:49,마트/편의점,그로서리스팟,수원,0,0,일시불,0,Mastercard,19000.0
1001103,2025-04-12 12:49:31,식비,분식집 가온,광주,0,0,일시불,0,국내전용,15000.0
1001140,2025-04-12 15:49:05,교통 / 차량,하이패스,울산,0,0,일시불,0,Mastercard,15000.0
1001137,2025-04-12 16:31:50,문화생활,공연홀 라이트,수원,0,0,일시불,0,Mastercard,25000.0
1001159,2025-04-13 10:35:04,생활용품,리빙스토어 홈온,인천,0,0,일시불,0,국내전용,19000.0
1001141,2025-04-13 11:23:58,교통 / 차량,주유소 에코,인천,0,0,일시불,0,국내전용,7000.0
1001104,2025-04-13 13:38:31,식비,치킨하우스,부산,0,0,일시불,0,Mastercard,24000.0
1001138,2025-04-13 14:48:45,문화생활,전시관 미술의집,서울,0,0,일시불,0,국내전용,17000.0
1001156,2025-04-13 19:12:57,패션 / 미용,슈즈라운지,용인,0,0,일시불,0,AMEX,10000.0
1001142,2025-04-14 12:40:08,교통 / 차량,주차장 시티,대구,0,0,일시불,0,Mastercard,8000.0
1001173,2025-04-14 12:41:53,기타,디지털콘텐츠,울산,1,0,일시불,0,Mastercard,1000.0
1001117,2025-04-14 16:34:02,카페,브루랩,대전,0,0,일시불,0,AMEX,1000.0
1001143,2025-04-14 17:10:40,교통 / 차량,하이패스,수원,0,0,일시불,0,AMEX,4000.0
1001174,2025-04-15 16:32:09,기타,기타결제,부산,0,0,일시불,0,AMEX,12000.0
1001157,2025-04-15 21:10:37,패션 / 미용,뷰티살롱 미르,울산,1,0,일시불,0,Mastercard,21000.0
1001130,2025-04-16 15:08:47,마트/편의점,동네슈퍼,광주,1,0,일시불,0,국내전용,19000.0
1001105,2025-04-16 17:44:33,식비,면요리 전문점,성남,0,0,일시불,0,국내전용,8000.0
1001118,2025-04-16 18:52:20,카페,카페 포레,광주,0,0,일시불,0,국내전용,12000.0
1001106,2025-04-17 10:59:26,식비,치킨하우스,광주,1,0,일시불,0,Mastercard,24000.0
1001144,2025-04-17 15:22:57,교통 / 차량,대중교통 교통카드,수원,0,0,일시불,0,AMEX,1000.0
1001107,2025-04-18 21:24:07,식비,치킨하우스,인천,0,0,일시불,0,AMEX,12000.0
1001108,2025-04-18 21:41:39,식비,치킨하우스,성남,0,0,일시불,0,국내전용,31000.0
1001131,2025-04-18 21:42:10,마트/편의점,메가마트,부산,1,0,일시불,0,VISA,13000.0
1001166,2025-04-19 15:37:00,건강 / 병원,한의원 다온,울산,1,0,일시불,0,VISA,7000.0
1001167,2025-04-20 17:21:12,건강 / 병원,의원 드림,수원,0,0,일시불,0,국내전용,2000.0
1001168,2025-04-20 19:57:18,건강 / 병원,한의원 다온,인천,0,0,일시불,0,AMEX,5000.0
1001145,2025-04-21 15:32:57,교통 / 차량,주차장 시티,광주,1,0,일시불,0,Mastercard,3000.0
1001119,2025-04-21 15:53:01,카페,카페 포레,수원,0,0,일시불,0,VISA,3000.0
1001120,2025-04-21 19:31:30,카페,카페 오늘,성남,0,0,일시불,0,AMEX,6000.0
1001146,2025-04-21 19:58:23,교통 / 차량,하이패스,부산,0,0,일시불,0,AMEX,3000.0
1001160,2025-04-21 20:27:24,생활용품,생활잡화 우노,대전,0,0,일시불,0,VISA,4000.0
1001161,2025-04-22 09:29:32,생활용품,생활잡화 우노,부산,1,0,일시불,0,국내전용,4000.0
1001163,2025-04-22 15:34:12,주거 / 통신,인터넷요금,수원,0,0,일시불,0,VISA,18000.0
1001109,2025-04-23 10:32:41,식비,면요리 전문점,인천,1,0,일시불,0,Mastercard,12000.0
1001132,2025-04-23 17:07:02,마트/편의점,마켓365,대구,0,0,일시불,0,VISA,6000.0
1001162,2025-04-23 17:36:06,생활용품,생활잡화 우노,인천,0,0,일시불,0,Mastercard,8000.0
1001147,2025-04-24 16:06:04,교통 / 차량,대중교통 교통카드,대구,0,0,일시불,0,Mastercard,1000.0
1001110,2025-04-24 19:18:37,식비,면요리 전문점,성남,0,0,일시불,0,Mastercard,11000.0
1001111,2025-04-24 20:35:35,식비,면요리 전문점,부산,0,0,일시불,0,국내전용,12000.0
1001148,2025-04-25 09:03:44,교통 / 차량,대중교통 교통카드,울산,1,0,일시불,0,Mastercard,4000.0
1001149,2025-04-25 10:49:45,교통 / 차량,주차장 시티,대전,0,0,일시불,0,국내전용,3000.0
1001150,2025-04-25 12:36:53,교통 / 차량,하이패스,수원,0,0,일시불,0,AMEX,10000.0
1001169,2025-04-25 17:43:14,건강 / 병원,의원 드림,서울,0,0,일시불,0,국내전용,1000.0
1001164,2025-04-26 13:08:49,주거 / 통신,통신요금,인천,1,0,일시불,0,VISA,95000.0
1001165,2025-04-27 11:52:32,주거 / 통신,전기요금,용인,0,0,일시불,0,Mastercard,30000.0
1001151,2025-04-27 13:02:09,교통 / 차량,하이패스,수원,1,0,일시불,0,Mastercard,5000.0
1001121,2025-04-27 15:52:47,카페,카페 도로시,인천,0,0,일시불,0,AMEX,8000.0
1001170,2025-04-27 17:59:00,교육,서점 아카데미,수원,0,0,일시불,0,VISA,18000.0
1001152,2025-04-27 20:41:11,교통 / 차량,대중교통 교통카드,울산,0,0,일시불,0,Mastercard,3000.0
1001122,2025-04-27 21:44:18,카페,카페 오늘,대전,1,1,일시불,0,국내전용,18000.0
1001158,2025-04-28 09:59:06,패션 / 미용,뷰티살롱 미르,성남,1,0,할부,5,VISA,9000.0
1001133,2025-04-28 17:15:22,마트/편의점,편의점24,서울,0,0,일시불,0,VISA,-5000.0
1001153,2025-04-28 17:28:26,교통 / 차량,주유소 에코,성남,0,0,일시불,0,VISA,8000.0
1001112,2025-04-30 12:09:37,식비,면요리 전문점,인천,0,0,일시불,0,Mastercard,17000.0
1001228,2025-05-01 10:56:40,교통 / 차량,주유소 에코,용인,0,0,일시불,0,VISA,8000.0
1001196,2025-05-02 11:35:50,카페,카페 포레,부산,0,0,일시불,0,국내전용,10000.0
1001244,2025-05-02 13:43:07,주거 / 통신,가스요금,용인,0,0,일시불,0,VISA,125000.0
1001242,2025-05-02 14:30:12,생활용품,인테리어샵 라이트,부산,0,0,일시불,0,AMEX,31000.0
1001249,2025-05-02 19:16:53,경조사 / 회비,경조금 이체,서울,1,0,일시불,0,VISA,1000.0
1001197,2025-05-03 10:14:46,카페,커피하루,용인,0,0,일시불,0,Mastercard,6000.0
1001198,2025-05-04 10:06:02,카페,커피하루,인천,1,0,일시불,0,AMEX,7000.0
1001199,2025-05-04 18:05:14,카페,커피하루,용인,0,0,일시불,0,AMEX,13000.0
1001209,2025-05-05 11:53:25,마트/편의점,메가마트,부산,1,0,일시불,0,Mastercard,1000.0
1001252,2025-05-05 18:10:28,보험 / 세금,지방세 납부,수원,0,0,일시불,0,Mastercard,5000.0
1001210,2025-05-05 19:25:05,마트/편의점,마켓365,인천,1,0,일시불,0,AMEX,6000.0
1001175,2025-05-05 21:34:56,식비,치킨하우스,인천,0,0,일시불,0,AMEX,11000.0
1001176,2025-05-06 11:05:59,식비,면요리 전문점,인천,0,1,일시불,0,AMEX,23000.0
1001221,2025-05-06 11:42:41,문화생활,전시관 미술의집,대구,0,0,일시불,0,국내전용,7000.0
1001177,2025-05-06 15:17:34,식비,면요리 전문점,부산,1,0,일시불,0,국내전용,17000.0
1001229,2025-05-06 19:24:29,교통 / 차량,주유소 에코,부산,1,0,일시불,0,VISA,3000.0
1001239,2025-05-07 11:42:55,패션 / 미용,슈즈라운지,울산,0,0,일시불,0,AMEX,41000.0
1001178,2025-05-07 14:32:28,식비,김밥타운,성남,0,0,일시불,0,국내전용,46000.0
1001200,2025-05-07 16:20:15,카페,카페 도로시,성남,0,0,일시불,0,국내전용,9000.0
1001222,2025-05-07 16:45:27,문화생활,씨네박스,대전,0,0,일시불,0,국내전용,8000.0
1001211,2025-05-08 12:52:52,마트/편의점,메가마트,광주,1,0,일시불,0,Mastercard,13000.0
1001179,2025-05-09 14:40:16,식비,샐러드바,대구,0,0,일시불,0,VISA,6000.0
1001180,2025-05-09 15:29:45,식비,김밥타운,서울,0,0,일시불,0,Mastercard,14000.0
1001181,2025-05-09 18:23:38,식비,샐러드바,수원,0,0,일시불,0,VISA,8000.0
1001182,2025-05-09 18:40:02,식비,면요리 전문점,성남,0,0,일시불,0,AMEX,10000.0
1001253,2025-05-09 20:10:52,보험 / 세금,자동차보험,울산,0,0,일시불,0,AMEX,10000.0
1001183,2025-05-10 12:33:57,식비,분식집 가온,성남,1,0,일시불,0,국내전용,20000.0
1001240,2025-05-10 13:15:05,패션 / 미용,편집숍 스퀘어,광주,0,0,일시불,0,VISA,11000.0
1001245,2025-05-11 18:13:50,건강 / 병원,한의원 다온,인천,0,0,일시불,0,국내전용,21000.0
1001230,2025-05-11 18:15:03,교통 / 차량,주유소 에코,인천,0,0,일시불,0,Mastercard,17000.0
1001212,2025-05-11 19:52:37,마트/편의점,그로서리스팟,서울,0,0,일시불,0,Mastercard,8000.0
1001213,2025-05-12 10:00:57,마트/편의점,동네슈퍼,수원,0,0,일시불,0,VISA,22000.0
1001247,2025-05-12 14:02:12,교육,온라인강의몰,광주,0,0,일시불,0,AMEX,12000.0
1001201,2025-05-12 17:10:00,카페,카페 도로시,부산,1,0,일시불,0,국내전용,5000.0
1001246,2025-05-13 13:00:53,건강 / 병원,의원 드림,대구,0,0,일시불,0,Mastercard,26000.0
1001184,2025-05-13 14:15:26,식비,김밥타운,대전,0,0,일시불,0,VISA,17000.0
1001214,2025-05-14 13:23:50,마트/편의점,그로서리스팟,인천,1,0,일시불,0,Mastercard,6000.0
1001231,2025-05-15 13:07:24,교통 / 차량,하이패스,인천,0,0,일시불,0,국내전용,3000.0
1001202,2025-05-16 21:10:18,카페,카페 포레,대구,0,0,일시불,0,Mastercard,23000.0
1001243,2025-05-16 21:47:19,생활용품,생활잡화 우노,대전,0,0,일시불,0,VISA,6000.0
1001223,2025-05-17 10:10:24,문화생활,공연홀 라이트,대구,0,0,일시불,0,국내전용,1000.0
1001215,2025-05-17 15:22:24,마트/편의점,동네슈퍼,수원,0,0,일시불,0,VISA,5000.0
1001224,2025-05-17 15:46:12,문화생활,전시관 미술의집,대구,0,0,일시불,0,국내전용,5000.0
1001250,2025-05-17 17:48:11,경조사 / 회비,동호회 회비,대전,0,0,일시불,0,VISA,5000.0
1001203,2025-05-17 20:13:34,카페,카페 포레,서울,1,0,일시불,0,AMEX,5000.0
1001232,2025-05-18 17:18:22,교통 / 차량,주유소 에코,수원,0,0,일시불,0,Mastercard,7000.0
1001216,2025-05-18 18:00:01,마트/편의점,마켓365,서울,0,0,일시불,0,Mastercard,20000.0
1001185,2025-05-19 14:57:49,식비,한식당 미소,울산,1,0,일시불,0,국내전용,7000.0
1001186,2025-05-20 10:40:24,식비,치킨하우스,인천,1,0,일시불,0,VISA,12000.0
1001187,2025-05-20 15:08:37,식비,샐러드바,대구,0,0,일시불,0,국내전용,9000.0
1001225,2025-05-20 15:32:59,문화생활,공연홀 라이트,서울,0,0,일시불,0,국내전용,10000.0
1001254,2025-05-20 21:23:22,기타,기타결제,서울,0,0,일시불,0,VISA,8000.0
1001188,2025-05-21 09:44:30,식비,면요리 전문점,부산,1,0,일시불,0,AMEX,3000.0
1001233,2025-05-22 13:26:49,교통 / 차량,하이패스,성남,0,0,일시불,0,Mastercard,2000.0
1001226,2025-05-22 16:01:52,문화생활,공연홀 라이트,대구,0,0,일시불,0,국내전용,9000.0
1001217,2025-05-23 16:50:06,마트/편의점,편의점24,부산,0,0,일시불,0,국내전용,11000.0
1001241,2025-05-23 19:25:44,패션 / 미용,편집숍 스퀘어,대구,1,0,일시불,0,VISA,28000.0
1001204,2025-05-23 21:41:05,카페,카페 도로시,성남,0,0,일시불,0,VISA,8000.0
1001205,2025-05-24 14:12:32,카페,브루랩,부산,0,0,일시불,0,Mastercard,9000.0
1001234,2025-05-24 16:18:27,교통 / 차량,대중교통 교통카드,용인,0,0,일시불,0,국내전용,3000.0
1001189,2025-05-24 17:06:04,식비,치킨하우스,대구,1,0,일시불,0,AMEX,11000.0
1001218,2025-05-24 21:46:06,마트/편의점,편의점24,서울,0,0,일시불,0,국내전용,11000.0
1001251,2025-05-25 09:56:16,경조사 / 회비,동호회 회비,서울,0,0,일시불,0,국내전용,5000.0
1001248,2025-05-25 10:21:36,교육,온라인강의몰,울산,0,0,일시불,0,Mastercard,39000.0
1001235,2025-05-25 12:36:09,교통 / 차량,주차장 시티,대전,0,0,일시불,0,VISA,6000.0
1001190,2025-05-25 21:36:07,식비,분식집 가온,용인,0,0,일시불,0,국내전용,26000.0
1001219,2025-05-26 09:48:46,마트/편의점,편의점24,대전,1,0,일시불,0,국내전용,9000.0
1001191,2025-05-26 13:10:29,식비,분식집 가온,울산,0,0,일시불,0,AMEX,16000.0
1001236,2025-05-26 19:15:58,교통 / 차량,주유소 에코,대구,0,0,일시불,0,AMEX,9000.0
1001237,2025-05-26 20:08:41,교통 / 차량,주유소 에코,대구,0,0,일시불,0,국내전용,9000.0
1001192,2025-05-27 09:35:39,식비,분식집 가온,부산,0,0,일시불,0,Mastercard,11000.0
1001255,2025-05-27 13:04:25,기타,기타결제,울산,0,0,일시불,0,국내전용,17000.0
1001227,2025-05-27 13:04:33,문화생활,씨네박스,광주,1,0,일시불,0,국내전용,4000.0
1001206,2025-05-28 09:26:37,카페,카페 오늘,성남,0,0,일시불,0,국내전용,5000.0
1001207,2025-05-28 14:22:09,카페,커피하루,광주,0,1,일시불,0,VISA,8000.0
1001220,2025-05-28 14:24:04,마트/편의점,마켓365,대구,0,0,일시불,0,국내전용,0.0
1001193,2025-05-28 19:34:26,식비,면요리 전문점,울산,1,0,일시불,0,AMEX,2000.0
1001194,2025-05-29 11:45:33,식비,김밥타운,대전,1,0,일시불,0,VISA,5000.0
1001238,2025-05-29 17:33:18,교통 / 차량,주차장 시티,부산,0,0,일시불,0,Mastercard,3000.0
1001208,2025-05-30 13:19:04,카페,커피하루,부산,1,0,일시불,0,AMEX,2000.0
1001195,2025-05-30 18:46:25,식비,분식집 가온,울산,0,0,일시불,0,AMEX,21000.0
1001256,2025-06-01 20:25:19,식비,분식집 가온,용인,0,0,일시불,0,VISA,19000.0
1001257,2025-06-02 13:32:22,식비,김밥타운,용인,1,0,일시불,0,Mastercard,19000.0
1001331,2025-06-02 16:23:01,기타,앱구매,대전,0,0,일시불,0,VISA,5000.0
1001275,2025-06-02 19:05:18,카페,브루랩,서울,0,0,일시불,0,국내전용,10000.0
1001327,2025-06-03 10:14:55,경조사 / 회비,부조금,인천,0,0,일시불,0,Mastercard,9000.0
1001292,2025-06-03 14:44:07,마트/편의점,그로서리스팟,부산,0,0,일시불,0,국내전용,4000.0
1001293,2025-06-03 18:19:05,마트/편의점,편의점24,대전,0,0,일시불,0,Mastercard,8000.0
1001258,2025-06-04 13:27:24,식비,한식당 미소,인천,1,0,일시불,0,국내전용,35000.0
1001294,2025-06-05 09:32:28,마트/편의점,마켓365,용인,0,0,일시불,0,국내전용,6000.0
1001295,2025-06-05 10:27:20,마트/편의점,메가마트,부산,0,0,일시불,0,Mastercard,4000.0
1001296,2025-06-05 16:12:16,마트/편의점,그로서리스팟,인천,0,0,일시불,0,AMEX,8000.0
1001259,2025-06-05 18:47:52,식비,김밥타운,성남,0,0,일시불,0,VISA,17000.0
1001318,2025-06-05 19:35:11,패션 / 미용,편집숍 스퀘어,용인,0,1,일시불,0,VISA,101000.0
1001297,2025-06-05 21:24:12,마트/편의점,메가마트,수원,0,0,일시불,0,국내전용,4000.0
1001298,2025-06-06 10:46:46,마트/편의점,편의점24,대구,0,0,일시불,0,VISA,9000.0
1001310,2025-06-06 12:41:15,교통 / 차량,대중교통 교통카드,인천,0,0,일시불,0,Mastercard,11000.0
1001299,2025-06-06 12:44:16,마트/편의점,마켓365,수원,0,0,일시불,0,Mastercard,14000.0
1001332,2025-06-06 14:48:25,기타,디지털콘텐츠,수원,0,0,일시불,0,VISA,12000.0
1001311,2025-06-06 16:09:41,교통 / 차량,대중교통 교통카드,성남,0,0,일시불,0,VISA,4000.0
1001260,2025-06-07 10:37:04,식비,한식당 미소,수원,0,1,일시불,0,Mastercard,9000.0
1001308,2025-06-07 15:23:28,문화생활,책의정원,대전,0,0,일시불,0,AMEX,31000.0
1001276,2025-06-07 20:01:13,카페,카페 도로시,수원,0,0,일시불,0,국내전용,2000.0
1001277,2025-06-08 09:18:40,카페,브루랩,광주,0,0,일시불,0,Mastercard,5000.0
1001300,2025-06-08 10:22:02,마트/편의점,그로서리스팟,부산,0,0,일시불,0,VISA,4000.0
1001278,2025-06-08 11:33:29,카페,브루랩,광주,0,0,일시불,0,Mastercard,3000.0
1001261,2025-06-08 12:41:17,식비,치킨하우스,서울,0,0,일시불,0,AMEX,7000.0
1001279,2025-06-08 12:56:58,카페,브루랩,부산,0,0,일시불,0,Mastercard,6000.0
1001280,2025-06-08 18:57:03,카페,브루랩,인천,0,0,일시불,0,Mastercard,6000.0
1001301,2025-06-08 19:15:45,마트/편의점,편의점24,울산,0,0,일시불,0,VISA,1000.0
1001262,2025-06-08 21:20:29,식비,샐러드바,부산,0,0,일시불,0,국내전용,5000.0
1001263,2025-06-09 10:47:52,식비,김밥타운,대전,1,0,일시불,0,Mastercard,19000.0
1001281,2025-06-09 19:04:19,카페,카페 포레,대구,0,0,일시불,0,국내전용,4000.0
1001312,2025-06-10 18:12:07,교통 / 차량,하이패스,대구,1,0,일시불,0,국내전용,6000.0
1001333,2025-06-11 11:17:36,기타,디지털콘텐츠,인천,0,0,일시불,0,VISA,2000.0
1001282,2025-06-12 13:38:41,카페,카페 오늘,인천,1,0,일시불,0,Mastercard,6000.0
1001264,2025-06-12 15:10:01,식비,김밥타운,부산,0,0,일시불,0,VISA,5000.0
1001302,2025-06-13 09:02:41,마트/편의점,동네슈퍼,울산,1,0,일시불,0,국내전용,16000.0
1001265,2025-06-13 12:30:55,식비,분식집 가온,인천,0,0,일시불,0,국내전용,5000.0
1001283,2025-06-13 13:48:12,카페,카페 도로시,대전,0,0,일시불,0,국내전용,5000.0
1001322,2025-06-13 14:00:58,주거 / 통신,관리비 고지,울산,0,0,일시불,0,VISA,81000.0
1001325,2025-06-13 20:09:53,건강 / 병원,의원 드림,용인,0,0,일시불,0,국내전용,38000.0
1001319,2025-06-14 12:08:51,생활용품,생활잡화 우노,서울,0,0,일시불,0,국내전용,12000.0
1001309,2025-06-14 13:06:43,문화생활,전시관 미술의집,울산,0,0,일시불,0,AMEX,6000.0
1001266,2025-06-14 15:40:49,식비,치킨하우스,광주,0,0,일시불,0,AMEX,14000.0
1001303,2025-06-15 09:01:12,마트/편의점,그로서리스팟,대전,0,0,일시불,0,AMEX,8000.0
1001267,2025-06-15 10:47:45,식비,김밥타운,부산,0,0,일시불,0,VISA,14000.0
1001284,2025-06-15 14:14:45,카페,브루랩,대전,0,0,일시불,0,Mastercard,1000.0
1001304,2025-06-15 21:46:41,마트/편의점,동네슈퍼,광주,0,0,일시불,0,국내전용,15000.0
1001313,2025-06-16 10:26:43,교통 / 차량,하이패스,광주,0,0,일시불,0,Mastercard,10000.0
1001268,2025-06-16 14:25:40,식비,샐러드바,수원,1,0,일시불,0,국내전용,15000.0
1001269,2025-06-16 19:43:28,식비,면요리 전문점,울산,0,0,일시불,0,VISA,6000.0
1001285,2025-06-18 13:01:47,카페,카페 오늘,성남,0,0,일시불,0,AMEX,10000.0
1001305,2025-06-19 09:23:18,마트/편의점,마켓365,대구,1,0,일시불,0,VISA,4000.0
1001286,2025-06-19 10:04:54,카페,커피하루,서울,1,0,일시불,0,VISA,6000.0
1001270,2025-06-19 17:45:19,식비,샐러드바,대전,0,0,일시불,0,VISA,12000.0
1001328,2025-06-19 18:31:06,경조사 / 회비,동호회 회비,대구,0,0,일시불,0,Mastercard,19000.0
1001323,2025-06-19 21:37:43,주거 / 통신,통신요금,성남,0,0,일시불,0,VISA,18000.0
1001320,2025-06-20 10:47:47,생활용품,인테리어샵 라이트,서울,0,0,일시불,0,VISA,5000.0
1001306,2025-06-20 11:28:22,마트/편의점,편의점24,수원,0,0,일시불,0,AMEX,7000.0
1001271,2025-06-20 12:08:18,식비,한식당 미소,수원,0,0,일시불,0,국내전용,1000.0
1001321,2025-06-20 16:46:09,생활용품,리빙스토어 홈온,울산,0,0,일시불,0,VISA,27000.0
1001326,2025-06-20 17:50:59,교육,서점 아카데미,수원,1,0,일시불,0,VISA,17000.0
1001287,2025-06-21 19:29:03,카페,카페 오늘,인천,1,0,일시불,0,Mastercard,1000.0
1001329,2025-06-21 20:09:46,경조사 / 회비,경조금 이체,부산,1,0,일시불,0,VISA,7000.0
1001288,2025-06-21 21:40:44,카페,카페 도로시,수원,0,0,일시불,0,VISA,1000.0
1001307,2025-06-22 15:03:52,마트/편의점,메가마트,광주,0,0,일시불,0,국내전용,-1000.0
1001314,2025-06-22 17:08:53,교통 / 차량,주차장 시티,수원,0,0,일시불,0,VISA,4000.0
1001272,2025-06-24 17:21:50,식비,김밥타운,서울,0,0,일시불,0,VISA,18000.0
1001315,2025-06-24 20:26:38,교통 / 차량,주유소 에코,울산,1,0,일시불,0,VISA,22000.0
1001316,2025-06-25 10:17:51,교통 / 차량,주유소 에코,수원,0,0,일시불,0,VISA,41000.0
1001273,2025-06-25 20:56:51,식비,한식당 미소,용인,0,0,일시불,0,VISA,16000.0
1001330,2025-06-26 10:36:21,보험 / 세금,지방세 납부,울산,1,0,할부,6,국내전용,20000.0
1001289,2025-06-27 16:28:47,카페,커피하루,성남,0,0,일시불,0,VISA,3000.0
1001324,2025-06-28 09:57:29,주거 / 통신,통신요금,용인,0,0,일시불,0,AMEX,55000.0
1001290,2025-06-28 12:22:14,카페,브루랩,성남,0,0,일시불,0,국내전용,3000.0
1001291,2025-06-28 19:17:04,카페,카페 포레,서울,0,0,일시불,0,국내전용,0.0
1001317,2025-06-29 11:21:44,교통 / 차량,하이패스,대구,0,0,일시불,0,VISA,8000.0
1001274,2025-06-29 17:03:36,식비,치킨하우스,광주,0,0,일시불,0,VISA,11000.0
1001390,2025-07-01 09:58:57,교통 / 차량,하이패스,용인,0,0,일시불,0,국내전용,13000.0
1001334,2025-07-01 14:21:35,식비,한식당 미소,서울,0,0,일시불,0,AMEX,6000.0
1001387,2025-07-02 12:09:18,문화생활,전시관 미술의집,서울,0,0,일시불,0,국내전용,22000.0
1001409,2025-07-02 18:32:58,건강 / 병원,한의원 다온,대전,0,0,일시불,0,VISA,26000.0
1001388,2025-07-02 21:16:23,문화생활,책의정원,인천,0,0,일시불,0,VISA,16000.0
1001374,2025-07-03 11:24:33,마트/편의점,동네슈퍼,인천,1,1,일시불,0,Mastercard,4000.0
1001375,2025-07-03 19:13:53,마트/편의점,동네슈퍼,대전,1,0,일시불,0,AMEX,10000.0
1001335,2025-07-03 21:31:31,식비,면요리 전문점,대구,0,0,일시불,0,국내전용,7000.0
1001336,2025-07-04 14:48:16,식비,분식집 가온,인천,0,0,일시불,0,AMEX,16000.0
1001376,2025-07-05 10:08:21,마트/편의점,동네슈퍼,서울,0,0,일시불,0,국내전용,22000.0
1001360,2025-07-05 10:41:21,카페,커피하루,대전,1,1,일시불,0,VISA,8000.0
1001406,2025-07-05 19:38:23,생활용품,생활잡화 우노,수원,1,0,일시불,0,AMEX,27000.0
1001361,2025-07-06 15:34:52,카페,브루랩,부산,0,0,일시불,0,AMEX,3000.0
1001362,2025-07-07 10:15:25,카페,커피하루,수원,0,0,일시불,0,Mastercard,18000.0
1001377,2025-07-07 13:01:05,마트/편의점,메가마트,서울,1,0,일시불,0,Mastercard,11000.0
1001391,2025-07-07 15:52:14,교통 / 차량,주차장 시티,광주,0,0,일시불,0,VISA,10000.0
1001363,2025-07-07 16:09:45,카페,커피하루,부산,0,0,일시불,0,국내전용,13000.0
1001337,2025-07-08 12:03:30,식비,한식당 미소,광주,0,0,일시불,0,Mastercard,9000.0
1001338,2025-07-08 14:37:23,식비,샐러드바,광주,0,0,일시불,0,Mastercard,4000.0
1001389,2025-07-08 15:44:47,문화생활,씨네박스,서울,0,0,일시불,0,VISA,24000.0
1001339,2025-07-08 16:33:40,식비,치킨하우스,울산,0,0,일시불,0,VISA,10000.0
1001340,2025-07-08 18:50:23,식비,한식당 미소,인천,1,0,일시불,0,AMEX,7000.0
1001341,2025-07-09 12:22:07,식비,치킨하우스,울산,0,0,일시불,0,Mastercard,10000.0
1001415,2025-07-09 18:53:47,기타,앱구매,성남,0,0,일시불,0,Mastercard,3000.0
1001392,2025-07-10 10:36:07,교통 / 차량,대중교통 교통카드,울산,0,0,일시불,0,AMEX,13000.0
1001402,2025-07-10 13:31:52,패션 / 미용,슈즈라운지,용인,0,0,일시불,0,VISA,10000.0
1001364,2025-07-10 16:12:31,카페,브루랩,부산,0,0,일시불,0,국내전용,6000.0
1001410,2025-07-10 16:14:02,교육,서점 아카데미,인천,1,0,일시불,0,VISA,8000.0
1001342,2025-07-10 18:52:29,식비,면요리 전문점,서울,0,0,일시불,0,AMEX,5000.0
1001365,2025-07-12 09:47:46,카페,카페 포레,인천,0,0,일시불,0,국내전용,9000.0
1001416,2025-07-12 20:58:26,기타,디지털콘텐츠,부산,0,0,일시불,0,VISA,19000.0
1001414,2025-07-13 13:17:46,보험 / 세금,건강보험,용인,0,0,일시불,0,VISA,24000.0
1001378,2025-07-13 15:58:41,마트/편의점,메가마트,부산,0,0,일시불,0,국내전용,7000.0
1001393,2025-07-13 19:50:22,교통 / 차량,주차장 시티,울산,1,0,일시불,0,VISA,7000.0
1001408,2025-07-14 11:12:53,주거 / 통신,통신요금,울산,0,0,일시불,0,Mastercard,225000.0
1001403,2025-07-14 15:39:58,패션 / 미용,슈즈라운지,부산,0,0,일시불,0,VISA,8000.0
1001343,2025-07-14 20:14:53,식비,샐러드바,대전,0,0,일시불,0,국내전용,9000.0
1001344,2025-07-15 14:26:38,식비,면요리 전문점,성남,1,0,일시불,0,VISA,8000.0
1001394,2025-07-16 20:42:12,교통 / 차량,대중교통 교통카드,성남,1,0,일시불,0,국내전용,11000.0
1001395,2025-07-17 11:57:44,교통 / 차량,하이패스,인천,0,0,일시불,0,VISA,5000.0
1001396,2025-07-17 12:37:56,교통 / 차량,대중교통 교통카드,광주,0,0,일시불,0,VISA,3000.0
1001397,2025-07-18 17:17:09,교통 / 차량,하이패스,인천,0,0,일시불,0,Mastercard,9000.0
1001345,2025-07-18 17:44:44,식비,치킨하우스,수원,0,0,일시불,0,국내전용,6000.0
1001366,2025-07-18 20:35:03,카페,카페 포레,성남,0,0,일시불,0,국내전용,1000.0
1001346,2025-07-18 21:35:51,식비,치킨하우스,서울,0,0,일시불,0,AMEX,13000.0
1001398,2025-07-19 12:17:08,교통 / 차량,주유소 에코,용인,0,0,일시불,0,국내전용,5000.0
1001411,2025-07-19 12:27:53,교육,서점 아카데미,대전,1,0,일시불,0,AMEX,7000.0
1001367,2025-07-19 13:39:52,카페,브루랩,대구,1,0,일시불,0,AMEX,13000.0
1001347,2025-07-19 20:25:02,식비,샐러드바,광주,0,0,일시불,0,VISA,11000.0
1001348,2025-07-19 21:17:38,식비,한식당 미소,서울,0,0,일시불,0,AMEX,7000.0
1001349,2025-07-20 12:40:03,식비,치킨하우스,서울,0,0,일시불,0,Mastercard,20000.0
1001379,2025-07-20 12:41:06,마트/편의점,편의점24,부산,0,0,일시불,0,Mastercard,10000.0
1001412,2025-07-21 11:57:22,교육,서점 아카데미,울산,1,0,일시불,0,국내전용,3000.0
1001350,2025-07-21 14:08:51,식비,김밥타운,인천,0,0,일시불,0,국내전용,16000.0
1001351,2025-07-21 19:14:24,식비,분식집 가온,대구,0,0,일시불,0,AMEX,8000.0
1001368,2025-07-22 11:37:08,카페,커피하루,울산,0,0,일시불,0,국내전용,1000.0
1001352,2025-07-22 16:58:15,식비,한식당 미소,성남,0,0,일시불,0,Mastercard,8000.0
1001380,2025-07-22 19:28:37,마트/편의점,마켓365,성남,0,0,일시불,0,VISA,5000.0
1001369,2025-07-22 20:55:50,카페,커피하루,부산,1,0,일시불,0,국내전용,3000.0
1001381,2025-07-23 09:42:43,마트/편의점,마켓365,용인,0,0,일시불,0,국내전용,3000.0
1001413,2025-07-23 10:31:00,경조사 / 회비,부조금,성남,0,0,일시불,0,AMEX,35000.0
1001370,2025-07-23 10:32:57,카페,카페 포레,울산,0,0,일시불,0,VISA,18000.0
1001371,2025-07-23 13:40:24,카페,브루랩,용인,1,0,일시불,0,AMEX,8000.0
1001382,2025-07-23 14:26:15,마트/편의점,메가마트,인천,0,0,일시불,0,Mastercard,1000.0
1001353,2025-07-23 17:27:27,식비,면요리 전문점,서울,0,0,일시불,0,국내전용,4000.0
1001407,2025-07-23 19:22:15,생활용품,인테리어샵 라이트,수원,0,0,일시불,0,Mastercard,26000.0
1001399,2025-07-24 12:27:17,교통 / 차량,대중교통 교통카드,부산,0,0,일시불,0,Mastercard,10000.0
1001383,2025-07-25 11:32:47,마트/편의점,동네슈퍼,광주,0,0,일시불,0,VISA,13000.0
1001384,2025-07-25 18:46:07,마트/편의점,마켓365,대전,0,0,일시불,0,AMEX,11000.0
1001400,2025-07-26 09:17:34,교통 / 차량,하이패스,서울,0,0,일시불,0,VISA,5000.0
1001401,2025-07-27 11:18:58,교통 / 차량,주차장 시티,울산,1,0,일시불,0,AMEX,18000.0
1001354,2025-07-27 11:19:11,식비,김밥타운,대전,0,0,일시불,0,국내전용,8000.0
1001355,2025-07-27 13:23:14,식비,분식집 가온,수원,0,0,일시불,0,국내전용,2000.0
1001404,2025-07-27 15:04:15,패션 / 미용,슈즈라운지,울산,1,0,일시불,0,국내전용,13000.0
1001372,2025-07-27 15:40:39,카페,카페 도로시,부산,0,0,일시불,0,AMEX,6000.0
1001385,2025-07-27 17:04:59,마트/편의점,편의점24,수원,0,0,일시불,0,AMEX,13000.0
1001405,2025-07-27 17:17:54,패션 / 미용,의류샵 루프,서울,0,0,일시불,0,VISA,21000.0
1001356,2025-07-28 16:07:49,식비,샐러드바,대구,0,0,일시불,0,VISA,4000.0
1001357,2025-07-29 09:42:28,식비,한식당 미소,서울,0,0,일시불,0,VISA,7000.0
1001373,2025-07-29 16:30:19,카페,카페 포레,성남,1,0,일시불,0,Mastercard,1000.0
1001358,2025-07-30 13:30:06,식비,샐러드바,서울,0,0,일시불,0,Mastercard,17000.0
1001386,2025-07-31 10:52:05,마트/편의점,편의점24,수원,0,0,일시불,0,국내전용,3000.0
1001359,2025-07-31 13:45:14,식비,김밥타운,인천,1,0,일시불,0,Mastercard,1000.0
1001417,2025-08-01 10:35:53,식비,샐러드바,광주,0,0,일시불,0,국내전용,11000.0
1001456,2025-08-01 14:33:31,교통 / 차량,주유소 에코,수원,0,0,일시불,0,국내전용,8000.0
1001476,2025-08-01 16:28:15,패션 / 미용,편집숍 스퀘어,수원,0,0,일시불,0,AMEX,18000.0
1001452,2025-08-01 20:07:34,문화생활,씨네박스,대전,0,0,일시불,0,Mastercard,5000.0
1001457,2025-08-04 10:32:24,교통 / 차량,주유소 에코,대전,1,0,일시불,0,VISA,6000.0
1001477,2025-08-04 13:56:48,패션 / 미용,편집숍 스퀘어,성남,0,0,할부,3,Mastercard,12000.0
1001482,2025-08-04 14:08:35,생활용품,리빙스토어 홈온,광주,1,0,일시불,0,AMEX,12000.0
1001478,2025-08-04 14:21:41,패션 / 미용,슈즈라운지,용인,0,0,일시불,0,국내전용,3000.0
1001490,2025-08-04 21:41:12,교육,서점 아카데미,대구,0,0,일시불,0,AMEX,10000.0
1001483,2025-08-05 11:20:46,생활용품,인테리어샵 라이트,부산,0,0,일시불,0,Mastercard,1000.0
1001484,2025-08-05 15:06:31,생활용품,리빙스토어 홈온,울산,0,0,일시불,0,Mastercard,25000.0
1001418,2025-08-05 16:00:57,식비,면요리 전문점,울산,0,0,일시불,0,AMEX,6000.0
1001436,2025-08-06 14:51:02,카페,카페 도로시,서울,0,0,일시불,0,Mastercard,9000.0
1001491,2025-08-06 17:29:12,교육,서점 아카데미,대전,1,0,일시불,0,AMEX,2000.0
1001419,2025-08-06 18:12:13,식비,분식집 가온,수원,0,0,일시불,0,Mastercard,37000.0
1001420,2025-08-07 16:27:29,식비,치킨하우스,성남,0,0,일시불,0,VISA,25000.0
1001453,2025-08-08 10:04:04,문화생활,공연홀 라이트,대전,0,0,일시불,0,Mastercard,32000.0
1001421,2025-08-08 13:36:30,식비,한식당 미소,대구,1,0,일시불,0,AMEX,7000.0
1001458,2025-08-08 15:54:29,교통 / 차량,주유소 에코,인천,0,0,일시불,0,VISA,7000.0
1001422,2025-08-08 17:39:32,식비,김밥타운,수원,0,0,일시불,0,국내전용,13000.0
1001423,2025-08-09 16:21:49,식비,김밥타운,용인,0,0,일시불,0,국내전용,5000.0
1001459,2025-08-09 17:13:16,교통 / 차량,하이패스,용인,1,0,일시불,0,Mastercard,7000.0
1001441,2025-08-09 17:14:00,마트/편의점,편의점24,광주,0,0,일시불,0,Mastercard,11000.0
1001442,2025-08-09 21:34:54,마트/편의점,그로서리스팟,대구,1,0,일시불,0,Mastercard,7000.0
1001443,2025-08-10 11:00:24,마트/편의점,편의점24,대전,1,0,일시불,0,AMEX,6000.0
1001495,2025-08-10 16:52:00,기타,디지털콘텐츠,용인,1,0,일시불,0,Mastercard,18000.0
1001494,2025-08-11 15:39:54,보험 / 세금,지방세 납부,대전,0,0,일시불,0,AMEX,60000.0
1001460,2025-08-11 16:20:40,교통 / 차량,주유소 에코,용인,0,1,일시불,0,VISA,7000.0
1001492,2025-08-12 18:34:01,교육,학원 스터디,대구,0,0,일시불,0,AMEX,16000.0
1001454,2025-08-12 19:10:42,문화생활,공연홀 라이트,성남,0,0,일시불,0,Mastercard,33000.0
1001455,2025-08-12 20:08:54,문화생활,책의정원,울산,1,0,일시불,0,국내전용,11000.0
1001424,2025-08-12 21:23:12,식비,분식집 가온,대구,1,0,일시불,0,VISA,16000.0
1001444,2025-08-13 09:46:09,마트/편의점,메가마트,서울,0,0,일시불,0,VISA,7000.0
1001425,2025-08-14 15:55:55,식비,한식당 미소,대전,0,0,일시불,0,국내전용,21000.0
1001461,2025-08-14 16:33:23,교통 / 차량,대중교통 교통카드,용인,1,0,일시불,0,Mastercard,13000.0
1001462,2025-08-14 18:34:34,교통 / 차량,대중교통 교통카드,서울,0,0,일시불,0,Mastercard,11000.0
1001479,2025-08-14 20:14:02,패션 / 미용,편집숍 스퀘어,서울,0,0,할부,4,국내전용,7000.0
1001445,2025-08-15 12:55:51,마트/편의점,그로서리스팟,수원,1,0,일시불,0,VISA,14000.0
1001463,2025-08-15 16:58:10,교통 / 차량,주유소 에코,서울,0,0,일시불,0,VISA,6000.0
1001480,2025-08-17 09:55:49,패션 / 미용,편집숍 스퀘어,부산,1,1,일시불,0,VISA,23000.0
1001437,2025-08-17 13:08:18,카페,카페 도로시,수원,0,0,일시불,0,국내전용,5000.0
1001464,2025-08-17 14:58:51,교통 / 차량,대중교통 교통카드,성남,0,0,일시불,0,국내전용,2000.0
1001446,2025-08-18 10:48:31,마트/편의점,메가마트,부산,0,0,일시불,0,VISA,37000.0
1001438,2025-08-18 14:52:19,카페,브루랩,수원,1,0,일시불,0,VISA,17000.0
1001465,2025-08-18 15:26:36,교통 / 차량,하이패스,서울,0,0,일시불,0,AMEX,2000.0
1001496,2025-08-18 16:36:49,기타,디지털콘텐츠,수원,0,0,일시불,0,Mastercard,16000.0
1001466,2025-08-18 17:00:00,교통 / 차량,주유소 에코,대구,0,0,일시불,0,AMEX,8000.0
1001488,2025-08-18 17:28:39,주거 / 통신,관리비 고지,부산,0,0,일시불,0,국내전용,113000.0
1001426,2025-08-18 17:33:00,식비,김밥타운,용인,0,0,일시불,0,AMEX,12000.0
1001427,2025-08-18 17:52:48,식비,치킨하우스,성남,0,0,일시불,0,Mastercard,18000.0
1001428,2025-08-19 11:55:21,식비,치킨하우스,광주,0,0,일시불,0,AMEX,8000.0
1001489,2025-08-20 18:27:49,건강 / 병원,약국 그린,서울,0,0,일시불,0,AMEX,11000.0
1001447,2025-08-20 20:57:15,마트/편의점,그로서리스팟,울산,1,0,일시불,0,국내전용,7000.0
1001485,2025-08-21 12:21:22,생활용품,인테리어샵 라이트,부산,0,0,일시불,0,국내전용,5000.0
1001493,2025-08-21 13:01:07,경조사 / 회비,동호회 회비,서울,0,0,일시불,0,Mastercard,28000.0
1001448,2025-08-22 17:09:35,마트/편의점,그로서리스팟,인천,0,0,일시불,0,AMEX,4000.0
1001467,2025-08-23 12:35:45,교통 / 차량,주유소 에코,대전,0,0,일시불,0,Mastercard,12000.0
1001429,2025-08-23 14:56:04,식비,샐러드바,광주,0,0,일시불,0,VISA,5000.0
1001486,2025-08-23 15:03:43,생활용품,인테리어샵 라이트,광주,0,0,일시불,0,Mastercard,9000.0
1001449,2025-08-23 18:05:55,마트/편의점,마켓365,대구,0,0,일시불,0,VISA,11000.0
1001468,2025-08-23 20:29:17,교통 / 차량,대중교통 교통카드,성남,0,0,일시불,0,Mastercard,5000.0
1001450,2025-08-24 15:25:18,마트/편의점,마켓365,인천,0,0,일시불,0,VISA,4000.0
1001430,2025-08-25 09:32:32,식비,김밥타운,인천,0,0,일시불,0,국내전용,9000.0
1001469,2025-08-25 11:37:10,교통 / 차량,주차장 시티,서울,0,0,일시불,0,국내전용,6000.0
1001481,2025-08-25 15:09:08,패션 / 미용,의류샵 루프,대전,0,0,할부,3,AMEX,10000.0
1001487,2025-08-26 14:53:59,생활용품,리빙스토어 홈온,인천,1,0,일시불,0,AMEX,10000.0
1001431,2025-08-26 15:28:49,식비,면요리 전문점,수원,0,0,일시불,0,Mastercard,6000.0
1001432,2025-08-26 16:01:12,식비,샐러드바,용인,0,0,일시불,0,VISA,10000.0
1001439,2025-08-26 18:08:36,카페,커피하루,성남,0,0,일시불,0,Mastercard,34000.0
1001470,2025-08-28 12:40:27,교통 / 차량,주차장 시티,수원,0,0,일시불,0,VISA,3000.0
1001471,2025-08-28 13:44:49,교통 / 차량,주차장 시티,대전,1,0,일시불,0,국내전용,11000.0
1001451,2025-08-28 16:17:36,마트/편의점,마켓365,대전,1,0,일시불,0,국내전용,18000.0
1001433,2025-08-29 09:40:20,식비,치킨하우스,대전,0,0,일시불,0,VISA,23000.0
1001434,2025-08-29 18:39:08,식비,김밥타운,부산,1,0,일시불,0,AMEX,3000.0
1001472,2025-08-30 19:29:20,교통 / 차량,주차장 시티,광주,1,0,일시불,0,VISA,1000.0
1001473,2025-08-30 20:13:56,교통 / 차량,주유소 에코,서울,0,0,일시불,0,VISA,3000.0
1001474,2025-08-31 13:05:32,교통 / 차량,하이패스,인천,0,0,일시불,0,국내전용,1000.0
1001440,2025-08-31 13:48:31,카페,카페 오늘,성남,1,0,일시불,0,Mastercard,4000.0
1001475,2025-08-31 15:34:44,교통 / 차량,주차장 시티,인천,1,0,일시불,0,Mastercard,8000.0
1001435,2025-08-31 17:01:32,식비,김밥타운,부산,0,0,일시불,0,AMEX,22000.0
